{"type":"FeatureCollection", "features": [
{"type":"Feature","geometry":{"type":"Polygon","coordinates":[[[78.198,27.4028],[78.1777,27.4077],[78.1739,27.3875],[78.1537,27.3824],[78.1367,27.3648],[78.121,27.3713],[78.1067,27.3689],[78.0821,27.392],[78.0519,27.369],[78.0796,27.3623],[78.0809,27.3513],[78.0725,27.3351],[78.0429,27.3462],[78.0134,27.3212],[77.9841,27.3253],[77.9807,27.3131],[77.9911,27.3035],[77.9904,27.2838],[77.963,27.2662],[77.9505,27.2827],[77.9325,27.2627],[77.9418,27.2482],[77.9396,27.2371],[77.9225,27.2337],[77.9087,27.2459],[77.9128,27.2815],[77.9024,27.2916],[77.8829,27.2955],[77.8697,27.2906],[77.8691,27.2724],[77.8852,27.2674],[77.8802,27.2522],[77.86,27.2517],[77.8538,27.2636],[77.8558,27.2862],[77.8474,27.2881],[77.8227,27.2745],[77.8148,27.2611],[77.7931,27.2557],[77.7928,27.2424],[77.7806,27.2334],[77.7627,27.2432],[77.7379,27.2418],[77.7015,27.2518],[77.6816,27.2379],[77.6475,27.2414],[77.6526,27.2331],[77.6504,27.209],[77.665,27.2073],[77.6814,27.1946],[77.6629,27.1698],[77.6391,27.1645],[77.6231,27.1691],[77.6134,27.1628],[77.6148,27.1484],[77.6006,27.1344],[77.6055,27.1233],[77.5526,27.1099],[77.5375,27.0985],[77.5219,27.1024],[77.5104,27.0935],[77.5263,27.0824],[77.5224,27.0647],[77.5346,27.0608],[77.5544,27.075],[77.5738,27.0723],[77.5749,27.0546],[77.567,27.0431],[77.6069,27.0231],[77.6424,27.0213],[77.6651,27.017],[77.6789,27.0432],[77.6925,27.0392],[77.6902,27.0272],[77.7117,26.9946],[77.7305,26.9946],[77.7303,27.0204],[77.7437,27.028],[77.7535,27.0076],[77.7445,26.9825],[77.7227,26.9859],[77.7,26.9733],[77.6783,26.9714],[77.6677,26.9624],[77.6503,26.9616],[77.5877,26.9252],[77.5264,26.9098],[77.4903,26.8981],[77.4629,26.8839],[77.4583,26.8694],[77.4302,26.8614],[77.4339,26.8474],[77.4252,26.8372],[77.4469,26.8135],[77.4362,26.7802],[77.4362,26.7645],[77.4586,26.7751],[77.4719,26.7639],[77.4559,26.7411],[77.488,26.7483],[77.501,26.7614],[77.4887,26.7822],[77.497,26.803],[77.5057,26.8423],[77.5214,26.8395],[77.5198,26.8224],[77.5284,26.8164],[77.5726,26.8189],[77.5799,26.8263],[77.6164,26.8288],[77.6328,26.8411],[77.6652,26.8507],[77.6796,26.8684],[77.7238,26.8756],[77.7189,26.8973],[77.732,26.9172],[77.7568,26.9212],[77.7732,26.9323],[77.797,26.9165],[77.8134,26.9228],[77.8445,26.9138],[77.8796,26.8997],[77.8983,26.8837],[77.9178,26.9085],[77.9371,26.9071],[77.9502,26.894],[77.9712,26.9068],[77.9834,26.8917],[78.0002,26.9051],[78.0224,26.9026],[78.0303,26.8844],[78.0437,26.8688],[78.0526,26.8787],[78.0506,26.9096],[78.0689,26.9101],[78.0952,26.8962],[78.1111,26.9041],[78.1037,26.9232],[78.1211,26.9217],[78.1233,26.949],[78.1479,26.9513],[78.199,26.9409],[78.2168,26.9339],[78.2244,26.9481],[78.2412,26.9279],[78.2697,26.9259],[78.2612,26.8988],[78.2383,26.8881],[78.235,26.8768],[78.2133,26.8716],[78.2129,26.8497],[78.2223,26.8427],[78.2182,26.8303],[78.2314,26.8314],[78.264,26.8145],[78.2737,26.8189],[78.2762,26.8438],[78.2905,26.8583],[78.3032,26.8625],[78.3323,26.8628],[78.3497,26.8681],[78.371,26.8655],[78.3941,26.8221],[78.4088,26.8202],[78.4344,26.8265],[78.4541,26.7976],[78.4667,26.7894],[78.5241,26.7793],[78.5436,26.7658],[78.5744,26.7519],[78.6105,26.7503],[78.6291,26.7694],[78.6676,26.7634],[78.686,26.7866],[78.7241,26.7944],[78.7271,26.7759],[78.7498,26.7867],[78.7708,26.761],[78.7794,26.7584],[78.7938,26.7975],[78.8169,26.7978],[78.8279,26.7913],[78.8425,26.7944],[78.8516,26.8094],[78.8358,26.8346],[78.8184,26.8496],[78.8083,26.869],[78.7831,26.8649],[78.7863,26.8805],[78.7756,26.8843],[78.768,26.9041],[78.7488,26.9143],[78.7349,26.9201],[78.7291,26.9024],[78.719,26.8982],[78.7075,26.9155],[78.695,26.9104],[78.6764,26.9167],[78.6735,26.8783],[78.645,26.8792],[78.6368,26.885],[78.6329,26.9073],[78.619,26.923],[78.6243,26.9393],[78.6018,26.9488],[78.6089,26.9289],[78.593,26.925],[78.5762,26.9436],[78.5733,26.9632],[78.5456,26.9618],[78.5269,26.9757],[78.5168,26.9661],[78.5281,26.9548],[78.5288,26.9388],[78.5415,26.9348],[78.5406,26.9187],[78.5239,26.9211],[78.5163,26.9572],[78.4872,26.966],[78.4827,26.9938],[78.4519,26.984],[78.4497,27.0073],[78.4355,27.0254],[78.4334,27.0413],[78.4138,27.0518],[78.392,27.0559],[78.3641,27.0792],[78.351,27.0714],[78.3321,27.0709],[78.3213,27.0538],[78.312,27.0555],[78.3119,27.0839],[78.316,27.094],[78.3358,27.0978],[78.3456,27.1085],[78.3669,27.1083],[78.3696,27.1217],[78.344,27.1251],[78.3281,27.1078],[78.3183,27.1208],[78.2992,27.1198],[78.2928,27.0818],[78.2602,27.0812],[78.242,27.0719],[78.2268,27.0757],[78.2259,27.0968],[78.2087,27.105],[78.2005,27.1193],[78.2026,27.1298],[78.2197,27.1566],[78.2057,27.1808],[78.2036,27.1978],[78.2133,27.2163],[78.228,27.2113],[78.2204,27.2402],[78.2404,27.2548],[78.2157,27.2611],[78.2226,27.274],[78.222,27.299],[78.213,27.3067],[78.2282,27.3175],[78.2403,27.2994],[78.2621,27.309],[78.2686,27.2987],[78.2829,27.3002],[78.286,27.3128],[78.2788,27.3373],[78.2896,27.3544],[78.2889,27.3719],[78.2969,27.3822],[78.2807,27.3933],[78.2719,27.3888],[78.2506,27.3914],[78.226,27.4058],[78.198,27.4028]]]},"properties":{"DISTRICT":"Agra","ST_NM":"Uttar Pradesh","ST_CEN_CD":9,"DT_CEN_CD":15}},
{"type":"Feature","geometry":{"type":"Polygon","coordinates":[[[72.3361,23.1073],[72.3157,23.1017],[72.306,23.0852],[72.3226,23.0671],[72.3205,23.0545],[72.2938,23.0401],[72.2856,23.0543],[72.2857,23.0744],[72.2597,23.0873],[72.2598,23.1042],[72.2384,23.1172],[72.222,23.1218],[72.197,23.1163],[72.1897,23.1046],[72.163,23.1034],[72.1654,23.1394],[72.1872,23.1436],[72.1831,23.1656],[72.1732,23.177],[72.1696,23.1951],[72.1844,23.215],[72.1834,23.2453],[72.1762,23.2578],[72.1784,23.2741],[72.1985,23.2767],[72.2081,23.3082],[72.2254,23.3196],[72.2402,23.3229],[72.2642,23.346],[72.2612,23.3697],[72.2876,23.3919],[72.2983,23.4134],[72.2808,23.4279],[72.2845,23.4387],[72.2623,23.4601],[72.2472,23.4502],[72.2448,23.4387],[72.2099,23.4309],[72.2055,23.4201],[72.1876,23.4126],[72.1754,23.4228],[72.1716,23.4373],[72.125,23.4516],[72.1081,23.4498],[72.0983,23.4588],[72.053,23.4436],[72.0366,23.4575],[72.0304,23.485],[72.0346,23.5053],[71.9997,23.5037],[71.9901,23.4825],[71.974,23.4734],[71.9677,23.4595],[71.9719,23.4307],[71.9668,23.4049],[71.9592,23.3934],[71.9322,23.3931],[71.9073,23.3854],[71.8931,23.3918],[71.8744,23.3835],[71.8955,23.3329],[71.8855,23.3302],[71.8801,23.3156],[71.886,23.3069],[71.8749,23.2786],[71.8824,23.258],[71.8764,23.2464],[71.8764,23.2242],[71.902,23.2303],[71.908,23.265],[71.9334,23.2671],[71.9427,23.2452],[71.961,23.2463],[71.9864,23.2561],[71.999,23.2494],[71.9903,23.2157],[71.9519,23.2076],[71.9277,23.1865],[71.91,23.1809],[71.9036,23.1383],[71.9062,23.1208],[71.9008,23.1105],[71.9149,23.0793],[71.9314,23.0671],[71.9447,23.0696],[71.9522,23.0548],[71.9894,23.0687],[72.0128,23.0593],[72.0139,23.03],[72.018,23.0193],[72.0085,23.0065],[72.0202,22.9921],[72.0086,22.9708],[71.9894,22.9493],[71.9891,22.9334],[72.0028,22.9234],[71.9877,22.8854],[71.9834,22.8555],[71.998,22.8316],[72.0162,22.7935],[72.0375,22.7904],[72.0502,22.7829],[72.0547,22.7513],[72.0716,22.7325],[72.1064,22.7205],[72.0992,22.6917],[72.0898,22.6756],[72.066,22.6763],[72.0563,22.6936],[72.0268,22.6792],[72.0611,22.6508],[72.0631,22.5992],[72.0705,22.5947],[72.0961,22.6052],[72.1422,22.5871],[72.1688,22.5696],[72.186,22.55],[72.1869,22.5417],[72.1631,22.5309],[72.1428,22.5142],[72.1465,22.4955],[72.1612,22.4795],[72.12,22.4629],[72.1084,22.4507],[72.0844,22.4372],[72.0503,22.4444],[72.0508,22.4725],[72.0353,22.4908],[72.0311,22.5064],[72.0103,22.5124],[71.999,22.5077],[71.9668,22.5092],[71.9693,22.5282],[71.9459,22.5397],[71.9342,22.5376],[71.9216,22.5212],[71.9087,22.5172],[71.9144,22.5032],[71.908,22.4801],[71.9268,22.4773],[71.9321,22.4856],[71.9573,22.4895],[71.9612,22.4694],[71.937,22.4619],[71.923,22.4494],[71.9293,22.421],[71.9335,22.3808],[71.9157,22.3821],[71.9022,22.4064],[71.8906,22.4189],[71.8653,22.4033],[71.8507,22.3893],[71.8536,22.3705],[71.8318,22.3558],[71.8232,22.3606],[71.8271,22.393],[71.794,22.3921],[71.7798,22.3854],[71.7833,22.3613],[71.7341,22.3607],[71.7293,22.379],[71.7156,22.38],[71.7028,22.3962],[71.6647,22.382],[71.6429,22.3994],[71.6331,22.3844],[71.6199,22.3805],[71.6211,22.3431],[71.6073,22.3382],[71.6114,22.3209],[71.6094,22.3025],[71.6175,22.279],[71.6342,22.2752],[71.6494,22.247],[71.6218,22.2276],[71.6233,22.2109],[71.6343,22.2022],[71.6563,22.2162],[71.6742,22.1992],[71.6922,22.2002],[71.7084,22.1829],[71.734,22.182],[71.7399,22.1495],[71.7535,22.1447],[71.7582,22.1331],[71.7745,22.1372],[71.7999,22.131],[71.8112,22.1384],[71.8407,22.131],[71.8366,22.1148],[71.8494,22.1092],[71.8506,22.0954],[71.8972,22.1032],[71.9062,22.1248],[71.9397,22.1169],[71.9526,22.1103],[71.9813,22.1048],[72.021,22.1045],[72.0319,22.1236],[72.0602,22.1053],[72.0584,22.0954],[72.0771,22.0608],[72.0875,22.0572],[72.1248,22.0575],[72.1322,22.0521],[72.1503,22.0233],[72.1721,21.9952],[72.2,21.9853],[72.2274,21.9885],[72.229,21.9934],[72.2301,22.0028],[72.2137,21.999],[72.2004,22.0043],[72.2213,22.0188],[72.2326,22.0176],[72.2307,22.0487],[72.2365,22.0579],[72.2771,22.0793],[72.2743,22.0926],[72.3018,22.1068],[72.304,22.0768],[72.2865,22.074],[72.2418,22.0507],[72.2451,22.0329],[72.2607,22.0193],[72.2518,21.9874],[72.2601,21.9729],[72.2665,21.9719],[72.2768,22.0001],[72.2954,22.0271],[72.3093,22.0868],[72.3151,22.1024],[72.3113,22.1115],[72.3224,22.1215],[72.3096,22.1488],[72.3246,22.1468],[72.3424,22.1351],[72.3565,22.1484],[72.3392,22.1747],[72.3331,22.1927],[72.3375,22.2135],[72.3553,22.2452],[72.3596,22.261],[72.3604,22.2682],[72.3619,22.2944],[72.3729,22.3147],[72.379,22.336],[72.3936,22.3446],[72.3975,22.3582],[72.3854,22.3711],[72.3757,22.3733],[72.3618,22.3754],[72.3418,22.3854],[72.3676,22.4062],[72.3713,22.4434],[72.3772,22.4718],[72.4227,22.4818],[72.4404,22.5044],[72.4391,22.5333],[72.4249,22.5606],[72.4422,22.5652],[72.4702,22.5794],[72.5083,22.6148],[72.5074,22.6193],[72.5153,22.6323],[72.5369,22.6256],[72.5336,22.644],[72.544,22.6547],[72.5497,22.6716],[72.5318,22.6768],[72.539,22.6931],[72.5243,22.6973],[72.5239,22.7106],[72.5396,22.7106],[72.5279,22.729],[72.5325,22.7467],[72.5244,22.753],[72.5345,22.768],[72.5204,22.7803],[72.5236,22.7976],[72.5503,22.8066],[72.5717,22.8247],[72.5823,22.821],[72.6095,22.8262],[72.6037,22.8388],[72.6091,22.8601],[72.6008,22.8671],[72.6151,22.8869],[72.6327,22.8828],[72.6503,22.8971],[72.6669,22.8942],[72.6776,22.8808],[72.7043,22.8846],[72.7164,22.9031],[72.7329,22.9133],[72.7597,22.904],[72.7733,22.909],[72.7915,22.9078],[72.801,22.9307],[72.8205,22.9522],[72.8433,22.9652],[72.8408,22.993],[72.8125,23.0221],[72.8145,23.0344],[72.7979,23.0427],[72.7927,23.0565],[72.7671,23.0589],[72.7791,23.0758],[72.7646,23.0932],[72.7495,23.0912],[72.7352,23.0982],[72.7205,23.0954],[72.7016,23.1098],[72.6909,23.1005],[72.676,23.1047],[72.6711,23.0949],[72.652,23.0974],[72.6406,23.0922],[72.5998,23.0891],[72.5981,23.0948],[72.564,23.1094],[72.568,23.1266],[72.5583,23.1351],[72.5418,23.1328],[72.5473,23.1625],[72.5267,23.1472],[72.5104,23.1567],[72.5039,23.1433],[72.488,23.1444],[72.4856,23.1341],[72.5005,23.1067],[72.4832,23.0963],[72.4679,23.0598],[72.449,23.0589],[72.4462,23.0445],[72.4319,23.0441],[72.4276,23.065],[72.4058,23.0672],[72.3991,23.0552],[72.3822,23.0611],[72.3824,23.0772],[72.369,23.0894],[72.3556,23.0867],[72.3391,23.1056],[72.3361,23.1073]]]},"properties":{"DISTRICT":"Ahmadabad","ST_NM":"Gujarat","ST_CEN_CD":24,"DT_CEN_CD":7}},
{"type":"Feature","geometry":{"type":"Polygon","coordinates":[[[82.0267,25.7091],[82.04,25.7233],[82.0296,25.7364],[82.0134,25.7455],[81.9889,25.7475],[81.9818,25.7356],[81.946,25.74],[81.9319,25.7514],[81.9176,25.7139],[81.8433,25.7255],[81.8252,25.7253],[81.8275,25.7418],[81.806,25.7487],[81.7777,25.7444],[81.7548,25.7335],[81.7576,25.7164],[81.7452,25.6981],[81.7568,25.6931],[81.7509,25.6685],[81.7347,25.672],[81.7274,25.6744],[81.7241,25.6742],[81.7005,25.6705],[81.6991,25.6605],[81.7176,25.6589],[81.7236,25.644],[81.7351,25.6379],[81.7219,25.6248],[81.7079,25.6326],[81.7038,25.6336],[81.6982,25.6332],[81.6899,25.6304],[81.682,25.6299],[81.6597,25.612],[81.6386,25.6299],[81.6383,25.6638],[81.6115,25.6674],[81.603,25.6549],[81.6223,25.6422],[81.6215,25.6247],[81.6114,25.6191],[81.6144,25.5928],[81.6243,25.5925],[81.6489,25.5786],[81.6526,25.5697],[81.6536,25.5341],[81.6669,25.5135],[81.6915,25.5074],[81.7241,25.5114],[81.7398,25.493],[81.7602,25.4769],[81.782,25.4701],[81.8016,25.4694],[81.8069,25.4351],[81.8191,25.4204],[81.8191,25.409],[81.7999,25.3856],[81.7954,25.3735],[81.8164,25.342],[81.8033,25.3227],[81.789,25.3193],[81.7616,25.3423],[81.7437,25.3481],[81.692,25.3552],[81.6362,25.3506],[81.6145,25.3393],[81.5986,25.3229],[81.5522,25.2928],[81.5502,25.2903],[81.5501,25.2901],[81.5494,25.2865],[81.5528,25.2732],[81.5542,25.271],[81.5561,25.2577],[81.5583,25.2502],[81.5644,25.2388],[81.545,25.2338],[81.526,25.2346],[81.521,25.1939],[81.5669,25.1857],[81.5749,25.1923],[81.5965,25.1804],[81.5904,25.1669],[81.5902,25.1648],[81.6139,25.1622],[81.6281,25.1523],[81.6005,25.133],[81.5994,25.1196],[81.631,25.1079],[81.6403,25.0999],[81.6401,25.0982],[81.6377,25.0964],[81.6342,25.0966],[81.6299,25.095],[81.6232,25.0907],[81.6028,25.0736],[81.6112,25.0685],[81.6123,25.0662],[81.6165,25.0635],[81.6169,25.0556],[81.6256,25.0538],[81.6303,25.0536],[81.644,25.0585],[81.6552,25.0718],[81.6683,25.0749],[81.6724,25.0607],[81.6862,25.0614],[81.6903,25.0405],[81.6939,25.039],[81.7137,25.0347],[81.7248,25.0498],[81.7408,25.0455],[81.7466,25.0359],[81.7797,25.0201],[81.8,25.0069],[81.8377,25.0162],[81.8547,25.004],[81.8819,24.9991],[81.91,24.9798],[81.9124,24.9393],[81.9186,24.9176],[81.9068,24.9023],[81.911,24.8812],[81.9367,24.8702],[81.935,24.8579],[81.9509,24.8392],[81.9631,24.8364],[82.0131,24.8479],[82.0326,24.8419],[82.0734,24.8207],[82.0843,24.8327],[82.1201,24.847],[82.1018,24.8532],[82.1034,24.8648],[82.1236,24.8668],[82.1383,24.8837],[82.1355,24.9021],[82.1446,24.905],[82.1605,24.8898],[82.169,24.8905],[82.1887,24.9142],[82.1992,24.9157],[82.2113,24.9383],[82.2258,24.9332],[82.2418,24.9635],[82.2646,24.9666],[82.3052,25.0195],[82.3061,25.0365],[82.2972,25.0496],[82.3153,25.0613],[82.3274,25.0757],[82.3257,25.0868],[82.3039,25.1117],[82.3048,25.1279],[82.2911,25.1505],[82.2707,25.1616],[82.269,25.1821],[82.2379,25.1805],[82.2161,25.1837],[82.2049,25.1904],[82.1947,25.2162],[82.1995,25.2327],[82.2125,25.2498],[82.2224,25.2755],[82.2526,25.2739],[82.264,25.2925],[82.2904,25.2999],[82.3022,25.3082],[82.3057,25.3281],[82.3193,25.343],[82.3084,25.3691],[82.3178,25.3973],[82.3416,25.4009],[82.3533,25.4188],[82.3359,25.4496],[82.3106,25.4611],[82.3123,25.4807],[82.2881,25.4828],[82.2839,25.4875],[82.2841,25.4901],[82.284,25.4913],[82.2847,25.494],[82.2882,25.4998],[82.3054,25.4953],[82.3176,25.5214],[82.3292,25.4983],[82.3395,25.5124],[82.3291,25.5247],[82.3273,25.5302],[82.3274,25.5326],[82.3286,25.5339],[82.3304,25.536],[82.3313,25.5368],[82.326,25.5433],[82.3061,25.5496],[82.2896,25.5439],[82.286,25.5523],[82.2661,25.5637],[82.2455,25.5672],[82.2509,25.5794],[82.2287,25.5878],[82.1826,25.5813],[82.1715,25.598],[82.1554,25.6002],[82.1335,25.6315],[82.121,25.6434],[82.1405,25.652],[82.1426,25.6674],[82.152,25.6705],[82.1556,25.6769],[82.1561,25.6791],[82.1561,25.6824],[82.144,25.6844],[82.1377,25.6821],[82.1243,25.681],[82.1246,25.6633],[82.1189,25.6591],[82.1107,25.6541],[82.0922,25.6608],[82.0854,25.6559],[82.0631,25.6589],[82.0672,25.6759],[82.0609,25.6834],[82.0373,25.691],[82.0248,25.697],[82.0132,25.6965],[82.0112,25.6981],[82.0137,25.7036],[82.0267,25.7091]]]},"properties":{"DISTRICT":"Allahabad","ST_NM":"Uttar Pradesh","ST_CEN_CD":9,"DT_CEN_CD":44}},
{"type":"Feature","geometry":{"type":"Polygon","coordinates":[[[74.9123,32.051],[74.8936,32.0533],[74.8765,32.0465],[74.8818,32.0325],[74.8666,32.0233],[74.8583,32.0097],[74.8419,32.0066],[74.8319,31.9953],[74.834,31.9779],[74.8244,31.9576],[74.8154,31.9632],[74.7826,31.9533],[74.7478,31.9383],[74.7215,31.9371],[74.7236,31.9215],[74.69,31.9234],[74.6658,31.9116],[74.6363,31.8832],[74.6118,31.8854],[74.6097,31.8667],[74.5699,31.8307],[74.5738,31.8172],[74.563,31.8009],[74.568,31.7921],[74.5575,31.7783],[74.5655,31.7593],[74.518,31.741],[74.486,31.7224],[74.5072,31.6992],[74.5361,31.6809],[74.5342,31.6651],[74.5424,31.657],[74.5541,31.6183],[74.5776,31.6066],[74.5827,31.5897],[74.5935,31.5791],[74.6205,31.5666],[74.6168,31.5355],[74.612,31.5289],[74.5859,31.521],[74.5925,31.497],[74.6131,31.4979],[74.6404,31.5197],[74.6515,31.5337],[74.6872,31.5241],[74.7118,31.5369],[74.7208,31.5555],[74.739,31.565],[74.7732,31.5583],[74.7928,31.5704],[74.8161,31.5495],[74.8443,31.5302],[74.8796,31.5381],[74.8881,31.5523],[74.9014,31.5413],[74.9041,31.5245],[74.9206,31.5285],[74.9413,31.5222],[74.9425,31.5069],[74.9603,31.5056],[74.9639,31.5165],[74.9877,31.5117],[74.9985,31.5186],[75.0334,31.5262],[75.043,31.5415],[75.057,31.543],[75.0852,31.519],[75.1078,31.5222],[75.1238,31.495],[75.1348,31.5051],[75.163,31.5118],[75.1814,31.5287],[75.1923,31.5194],[75.1864,31.5058],[75.2295,31.491],[75.2519,31.5019],[75.2581,31.4947],[75.2637,31.4942],[75.272,31.489],[75.2797,31.4831],[75.3195,31.5289],[75.3191,31.5394],[75.3757,31.5797],[75.3987,31.5819],[75.4049,31.5944],[75.3852,31.614],[75.3378,31.6408],[75.3284,31.6352],[75.3009,31.6518],[75.3126,31.6686],[75.3084,31.6765],[75.2845,31.6815],[75.2864,31.695],[75.2515,31.6931],[75.2268,31.6855],[75.2126,31.7054],[75.1938,31.7123],[75.2029,31.7278],[75.1758,31.748],[75.1514,31.7486],[75.1449,31.7582],[75.1175,31.7504],[75.0985,31.7605],[75.113,31.78],[75.0869,31.7909],[75.0768,31.8061],[75.0556,31.808],[75.0457,31.8029],[75.0125,31.8177],[75.009,31.8247],[74.9835,31.8338],[74.9688,31.8343],[74.9637,31.8547],[74.9453,31.8612],[74.9178,31.8823],[74.9197,31.8945],[74.9053,31.9048],[74.8886,31.9329],[74.9016,31.9339],[74.9733,31.9617],[74.9742,31.9768],[74.9481,31.9717],[74.9379,31.9635],[74.9153,31.9773],[74.9366,32.0132],[74.924,32.0414],[74.9123,32.051]]]},"properties":{"DISTRICT":"Amritsar","ST_NM":"Punjab","ST_CEN_CD":3,"DT_CEN_CD":15}},
{"type":"Feature","geometry":{"type":"Polygon","coordinates":[[[78.1443,14.9453],[78.1414,14.9563],[78.1255,14.9662],[78.1035,14.9693],[78.0909,14.9812],[78.0456,15.0001],[78.0196,15.0253],[78.0175,15.0498],[78.0002,15.0446],[77.9938,15.0689],[78.0151,15.0767],[78.0251,15.0948],[78.0253,15.1143],[77.9981,15.1354],[77.9768,15.1374],[77.9653,15.1028],[77.9353,15.1107],[77.9086,15.1232],[77.9152,15.1407],[77.9263,15.1488],[77.9212,15.1701],[77.9037,15.1762],[77.8883,15.1752],[77.8762,15.134],[77.8424,15.1303],[77.8407,15.1425],[77.8187,15.1403],[77.814,15.1255],[77.7936,15.1038],[77.7733,15.1119],[77.7746,15.1223],[77.7511,15.1278],[77.7479,15.1426],[77.7332,15.1488],[77.7319,15.169],[77.7212,15.1709],[77.7128,15.1845],[77.6962,15.1825],[77.7004,15.2],[77.6791,15.2192],[77.6763,15.2295],[77.6623,15.2317],[77.6407,15.221],[77.6359,15.206],[77.6168,15.2039],[77.6125,15.1815],[77.5821,15.1879],[77.5727,15.1984],[77.5434,15.209],[77.5267,15.2229],[77.505,15.2204],[77.4842,15.208],[77.4527,15.22],[77.4529,15.2047],[77.4357,15.2084],[77.4324,15.2197],[77.4094,15.2226],[77.3865,15.2162],[77.3659,15.2213],[77.3543,15.1933],[77.352,15.1758],[77.3208,15.1754],[77.3106,15.1532],[77.3022,15.1526],[77.2938,15.1304],[77.2718,15.1297],[77.2654,15.1414],[77.2287,15.1446],[77.1975,15.1585],[77.1821,15.1423],[77.1613,15.1453],[77.1576,15.1371],[77.1525,15.1128],[77.1324,15.0991],[77.1303,15.0737],[77.1144,15.0341],[77.0868,15.0277],[77.0836,15.0055],[77.0457,15.0109],[77.0515,15.0346],[77.0052,15.0349],[76.9712,15.0185],[76.955,15.0297],[76.9178,15.0362],[76.8808,15.0338],[76.8646,15.0618],[76.8414,15.0775],[76.8252,15.0799],[76.8008,15.0957],[76.7763,15.0701],[76.7749,15.0591],[76.7884,15.0217],[76.7608,14.988],[76.7676,14.9749],[76.8008,14.968],[76.8195,14.9689],[76.832,14.9562],[76.8453,14.9663],[76.8686,14.9692],[76.8697,14.9428],[76.8645,14.8965],[76.8503,14.8956],[76.8559,14.8678],[76.8537,14.844],[76.8443,14.8354],[76.8512,14.8077],[76.8415,14.8095],[76.838,14.7903],[76.7845,14.7845],[76.7923,14.7572],[76.8023,14.7399],[76.7853,14.6959],[76.7755,14.6792],[76.7652,14.6017],[76.7825,14.5848],[76.7906,14.5586],[76.8042,14.5333],[76.8486,14.5148],[76.8589,14.5046],[76.8686,14.4804],[76.8851,14.4763],[76.9114,14.4899],[76.9785,14.4842],[76.9793,14.4763],[76.9637,14.4513],[76.9488,14.451],[76.9498,14.4148],[76.9467,14.4055],[76.9181,14.4194],[76.9016,14.4003],[76.888,14.3961],[76.8836,14.3573],[76.904,14.3252],[76.9481,14.3114],[76.954,14.2928],[76.93,14.2782],[76.9431,14.2462],[76.9567,14.2403],[76.9879,14.2443],[77.0096,14.2378],[77.0386,14.2467],[77.0552,14.2458],[77.0811,14.2157],[77.101,14.2159],[77.1158,14.2279],[77.1213,14.2632],[77.1127,14.2681],[77.1177,14.2938],[77.1315,14.3079],[77.1376,14.3369],[77.1579,14.3441],[77.1854,14.3328],[77.2023,14.3207],[77.2512,14.321],[77.2639,14.3322],[77.2873,14.3377],[77.2889,14.3089],[77.2858,14.2827],[77.3017,14.2831],[77.3657,14.2761],[77.3619,14.2368],[77.3832,14.2236],[77.3904,14.1987],[77.3979,14.1978],[77.4216,14.2101],[77.4076,14.2672],[77.3964,14.2682],[77.3815,14.3019],[77.3853,14.3238],[77.4013,14.3359],[77.4324,14.3276],[77.4341,14.3117],[77.449,14.3166],[77.4503,14.2844],[77.4614,14.2791],[77.4859,14.2907],[77.5031,14.2787],[77.5062,14.2675],[77.4969,14.2347],[77.5066,14.2115],[77.5111,14.1878],[77.5173,14.1791],[77.5074,14.1581],[77.4702,14.1713],[77.4302,14.1721],[77.4164,14.1767],[77.3964,14.1722],[77.3834,14.1365],[77.3544,14.1312],[77.3591,14.1123],[77.3965,14.1256],[77.4022,14.1104],[77.3864,14.0974],[77.3791,14.0789],[77.3569,14.0604],[77.3447,14.0608],[77.3329,14.0299],[77.3692,14.023],[77.3903,14.0144],[77.3801,13.9888],[77.3935,13.9811],[77.4275,13.9841],[77.4377,13.976],[77.4358,13.9506],[77.4148,13.9433],[77.4173,13.9218],[77.4346,13.9165],[77.4261,13.9022],[77.4042,13.8878],[77.3975,13.9049],[77.3553,13.9037],[77.3495,13.9194],[77.3695,13.9494],[77.3506,13.958],[77.3606,13.9894],[77.3403,13.9951],[77.3202,14.0318],[77.3102,14.0337],[77.2851,14.0138],[77.2781,14.035],[77.2623,14.0278],[77.2491,14.0131],[77.2253,14.0147],[77.2009,14.0096],[77.1777,14.0153],[77.1607,13.9973],[77.1405,14.0048],[77.1272,14.0488],[77.0968,14.0448],[77.0755,14.046],[77.075,14.0537],[77.0295,14.0597],[77.026,14.0678],[77.0297,14.0898],[77.0161,14.0984],[77.0223,14.1124],[77.0195,14.1337],[77.0254,14.179],[76.9918,14.1788],[76.9639,14.1817],[76.947,14.1955],[76.9424,14.1721],[76.9225,14.1638],[76.8967,14.1651],[76.8889,14.1371],[76.9179,14.1283],[76.9278,14.1352],[76.9484,14.1181],[76.9518,14.0915],[76.9737,14.086],[76.9806,14.0716],[76.9772,14.0587],[76.9435,14.0539],[76.9366,14.029],[76.9464,14.0269],[76.9542,14.0131],[76.9809,14.003],[77.0002,13.9879],[76.9948,13.9632],[77.014,13.9539],[77.0245,13.9413],[77.0418,13.9322],[77.0473,13.904],[77.0233,13.8999],[77.012,13.8567],[76.9748,13.8168],[76.9897,13.8108],[76.9873,13.7924],[76.9987,13.7492],[77.0176,13.7394],[77.026,13.7766],[77.0414,13.776],[77.0664,13.7457],[77.087,13.7442],[77.0868,13.7602],[77.1017,13.7677],[77.13,13.7578],[77.1441,13.7626],[77.1732,13.7616],[77.178,13.779],[77.1651,13.794],[77.1606,13.8075],[77.1685,13.8224],[77.1522,13.8418],[77.1317,13.8498],[77.1458,13.8659],[77.169,13.8638],[77.1714,13.8731],[77.1623,13.9066],[77.1659,13.9153],[77.1835,13.9242],[77.1887,13.9081],[77.1816,13.8683],[77.1993,13.8631],[77.2154,13.8854],[77.2236,13.8762],[77.2321,13.9024],[77.2467,13.901],[77.2505,13.8673],[77.2598,13.8631],[77.2572,13.8465],[77.2924,13.8531],[77.3138,13.8644],[77.327,13.8329],[77.3342,13.832],[77.3592,13.8516],[77.3802,13.8454],[77.38,13.8385],[77.4111,13.8387],[77.432,13.834],[77.4159,13.8066],[77.436,13.7954],[77.4479,13.8097],[77.463,13.8072],[77.4582,13.793],[77.4701,13.7511],[77.4644,13.7202],[77.4523,13.7033],[77.4573,13.6834],[77.4841,13.6852],[77.4928,13.6943],[77.4873,13.7108],[77.5104,13.712],[77.5157,13.6965],[77.5293,13.6956],[77.5355,13.7147],[77.5343,13.7329],[77.5273,13.7515],[77.5472,13.7514],[77.5559,13.7281],[77.5744,13.7371],[77.5894,13.7383],[77.6034,13.7513],[77.6121,13.7503],[77.6236,13.7362],[77.6417,13.7491],[77.6205,13.7547],[77.6222,13.7681],[77.657,13.7837],[77.6782,13.7854],[77.6765,13.7602],[77.7036,13.7693],[77.7103,13.739],[77.7192,13.7457],[77.7223,13.7688],[77.7209,13.7984],[77.7365,13.8097],[77.7774,13.8165],[77.7885,13.828],[77.7823,13.8397],[77.7946,13.8479],[77.811,13.8487],[77.819,13.8601],[77.836,13.8687],[77.8292,13.8973],[77.8192,13.9027],[77.8145,13.9255],[77.8223,13.939],[77.8383,13.9351],[77.8707,13.9348],[77.8953,13.9393],[77.898,13.9195],[77.92,13.9054],[77.9381,13.917],[77.9473,13.9328],[77.9592,13.9361],[77.9697,13.9582],[77.9871,13.9559],[77.982,13.9325],[77.9866,13.9017],[77.958,13.8927],[77.9503,13.8793],[77.9567,13.8331],[77.9744,13.8285],[77.9938,13.87],[78.0134,13.8701],[78.0243,13.8628],[78.0466,13.8613],[78.0517,13.8722],[78.0498,13.8952],[78.0797,13.8805],[78.0837,13.8635],[78.1149,13.8621],[78.1262,13.8304],[78.1167,13.8123],[78.1273,13.7856],[78.1446,13.7818],[78.1892,13.7874],[78.2297,13.7802],[78.2625,13.7972],[78.2561,13.8066],[78.2543,13.8327],[78.2458,13.8508],[78.2654,13.8587],[78.2773,13.8917],[78.2937,13.8915],[78.3133,13.9151],[78.3328,13.9195],[78.3389,13.936],[78.3489,13.9354],[78.3721,13.9545],[78.3764,13.9424],[78.3876,13.9407],[78.4169,13.9628],[78.4277,13.9778],[78.4568,13.9861],[78.4656,13.9939],[78.4711,14.0108],[78.4431,14.0228],[78.4461,14.0486],[78.4525,14.0676],[78.4472,14.0814],[78.4621,14.0963],[78.4651,14.113],[78.453,14.1361],[78.4329,14.1475],[78.4254,14.1664],[78.4338,14.1984],[78.41,14.2077],[78.4138,14.2362],[78.4258,14.2793],[78.3652,14.2873],[78.3321,14.2893],[78.2975,14.2984],[78.2869,14.3049],[78.246,14.3153],[78.2174,14.3427],[78.1513,14.3737],[78.0513,14.4563],[78.0376,14.4639],[78.0234,14.4801],[77.9965,14.5011],[77.977,14.5248],[77.9796,14.5355],[77.9626,14.5558],[77.9473,14.5667],[77.9637,14.5787],[77.9848,14.5601],[77.9875,14.5405],[78.0226,14.5411],[78.0472,14.5386],[78.0552,14.5638],[78.0785,14.5789],[78.0975,14.6254],[78.1114,14.6296],[78.1277,14.6248],[78.1376,14.6459],[78.1371,14.6623],[78.1441,14.6843],[78.131,14.6977],[78.1172,14.6944],[78.107,14.7027],[78.1037,14.7164],[78.0743,14.7209],[78.0844,14.7413],[78.0765,14.7582],[78.0563,14.7768],[78.0868,14.8264],[78.1052,14.8196],[78.1114,14.8259],[78.1169,14.8559],[78.0996,14.8604],[78.0997,14.8728],[78.1189,14.9272],[78.1371,14.9361],[78.1443,14.9453]]]},"properties":{"DISTRICT":"Anantapur","ST_NM":"Andhra Pradesh","ST_CEN_CD":28,"DT_CEN_CD":22}},
{"type":"Feature","geometry":{"type":"Polygon","coordinates":[[[75.631,34.2227],[75.6191,34.2159],[75.5539,34.2002],[75.5092,34.1846],[75.4563,34.1688],[75.4379,34.1772],[75.3868,34.1852],[75.3498,34.1984],[75.323,34.2202],[75.3086,34.2251],[75.2803,34.2062],[75.2564,34.1704],[75.1937,34.1901],[75.1825,34.195],[75.1626,34.1677],[75.1629,34.149],[75.1712,34.1372],[75.1696,34.1135],[75.1489,34.0842],[75.1889,34.0443],[75.1943,34.0027],[75.1872,33.9766],[75.1913,33.9168],[75.1167,33.8642],[75.077,33.8386],[75.0708,33.8288],[75.055,33.8271],[75.1308,33.7202],[75.0875,33.6644],[75.0832,33.6507],[75.0919,33.6373],[75.1609,33.6229],[75.1527,33.5786],[75.1781,33.5709],[75.1925,33.5609],[75.205,33.5339],[75.238,33.4953],[75.3119,33.4231],[75.3303,33.4114],[75.3487,33.3929],[75.3874,33.3713],[75.4171,33.3583],[75.4563,33.3515],[75.4724,33.3635],[75.4999,33.399],[75.5181,33.4284],[75.534,33.4471],[75.5439,33.4744],[75.5737,33.5187],[75.5754,33.5458],[75.5481,33.6338],[75.5458,33.6592],[75.5124,33.7386],[75.5019,33.7724],[75.481,33.8164],[75.4718,33.9045],[75.5057,33.9658],[75.5338,33.9948],[75.5702,34.0239],[75.5946,34.0275],[75.6107,34.0429],[75.6125,34.065],[75.6081,34.0938],[75.6118,34.1328],[75.6441,34.1635],[75.6644,34.1756],[75.6702,34.2044],[75.7074,34.2158],[75.7088,34.2284],[75.6863,34.2317],[75.6374,34.2211],[75.631,34.2227]]]},"properties":{"DISTRICT":"Anantnag","ST_NM":"Jammu and Kashmir","ST_CEN_CD":1,"DT_CEN_CD":14}},
{"type":"Feature","geometry":{"type":"Polygon","coordinates":[[[75.8895,20.5634],[75.8874,20.5968],[75.8718,20.6008],[75.8692,20.6236],[75.8434,20.6185],[75.8296,20.5743],[75.8206,20.5617],[75.7913,20.5773],[75.7851,20.5868],[75.7598,20.5799],[75.7587,20.6142],[75.7334,20.6101],[75.7244,20.6205],[75.7065,20.6153],[75.6996,20.6313],[75.7059,20.6615],[75.6898,20.6683],[75.6667,20.6699],[75.658,20.6619],[75.6623,20.6286],[75.6483,20.62],[75.6248,20.6252],[75.6089,20.622],[75.6149,20.6092],[75.5903,20.6027],[75.5589,20.6134],[75.5556,20.6043],[75.5367,20.6097],[75.5336,20.5965],[75.5225,20.5904],[75.5262,20.5607],[75.5086,20.5543],[75.4897,20.531],[75.4847,20.5431],[75.4733,20.5427],[75.4609,20.5529],[75.451,20.5403],[75.4285,20.5321],[75.4342,20.5133],[75.4127,20.5234],[75.3973,20.5241],[75.3956,20.5662],[75.3913,20.5796],[75.3727,20.5754],[75.3531,20.5896],[75.3288,20.5922],[75.3072,20.5777],[75.2855,20.5684],[75.2548,20.5701],[75.2396,20.5216],[75.2267,20.5086],[75.2312,20.4931],[75.2117,20.4983],[75.2022,20.4918],[75.2013,20.4763],[75.1627,20.4751],[75.1615,20.4366],[75.1295,20.4315],[75.1081,20.407],[75.1164,20.3942],[75.1264,20.3573],[75.1227,20.3476],[75.0996,20.3431],[75.0923,20.3346],[75.0595,20.334],[75.0565,20.3073],[75.0483,20.3077],[75,20.3369],[74.9889,20.3303],[74.9875,20.3024],[74.971,20.3041],[74.9349,20.2697],[74.9342,20.2467],[74.9084,20.2433],[74.9111,20.2157],[74.9314,20.2137],[74.9321,20.1813],[74.9269,20.178],[74.9239,20.1536],[74.9109,20.1526],[74.8991,20.1768],[74.8561,20.1771],[74.8586,20.2271],[74.8304,20.2336],[74.8164,20.2442],[74.7904,20.2083],[74.7667,20.2029],[74.7588,20.1964],[74.7641,20.1828],[74.7234,20.1865],[74.7153,20.1675],[74.7188,20.1601],[74.7155,20.1351],[74.707,20.1131],[74.7305,20.1114],[74.7383,20.0823],[74.7108,20.0784],[74.7229,20.0548],[74.7103,20.0403],[74.7202,20.0211],[74.7009,20.0182],[74.6853,19.9892],[74.6895,19.9715],[74.6752,19.9631],[74.6733,19.9467],[74.682,19.9249],[74.656,19.9222],[74.6492,19.9098],[74.6481,19.8612],[74.6633,19.8611],[74.6609,19.839],[74.6067,19.8496],[74.6015,19.8016],[74.592,19.787],[74.5978,19.773],[74.6155,19.7723],[74.6361,19.7943],[74.6565,19.7784],[74.6919,19.7685],[74.713,19.7823],[74.7201,19.7772],[74.7225,19.747],[74.7058,19.7259],[74.7299,19.7235],[74.7299,19.6992],[74.7513,19.6908],[74.7875,19.7166],[74.8066,19.703],[74.7881,19.6876],[74.7805,19.6523],[74.7888,19.6495],[74.8248,19.6723],[74.837,19.6655],[74.853,19.6479],[74.8886,19.6563],[74.8914,19.6459],[74.917,19.6496],[74.9701,19.6464],[75,19.6218],[75.0381,19.6241],[75.0447,19.6105],[75.0673,19.6033],[75.0923,19.6095],[75.1057,19.6009],[75.1173,19.6025],[75.1301,19.592],[75.1527,19.589],[75.1721,19.5961],[75.1945,19.5932],[75.2085,19.5717],[75.2051,19.5642],[75.2316,19.5399],[75.2512,19.5302],[75.266,19.5293],[75.2689,19.5481],[75.2788,19.5505],[75.2846,19.5355],[75.2768,19.5129],[75.3058,19.5077],[75.3145,19.494],[75.356,19.5006],[75.3615,19.4796],[75.3498,19.481],[75.3414,19.4635],[75.3263,19.4632],[75.3282,19.4415],[75.3493,19.4478],[75.3568,19.43],[75.3431,19.4057],[75.3662,19.3974],[75.3843,19.4102],[75.4079,19.4173],[75.4489,19.4131],[75.475,19.415],[75.4791,19.4211],[75.4919,19.44],[75.5177,19.4155],[75.5195,19.4032],[75.572,19.3796],[75.6099,19.3814],[75.6159,19.3999],[75.6184,19.4249],[75.6096,19.4304],[75.6113,19.4533],[75.6194,19.4678],[75.6321,19.4605],[75.6453,19.4987],[75.6439,19.5282],[75.6557,19.5545],[75.6571,19.5667],[75.6519,19.5948],[75.616,19.5981],[75.6008,19.6022],[75.5909,19.6376],[75.6072,19.6414],[75.6104,19.6562],[75.6335,19.6554],[75.6358,19.6787],[75.633,19.7043],[75.6363,19.7344],[75.6279,19.7459],[75.6279,19.7759],[75.6454,19.7849],[75.6366,19.8136],[75.6526,19.8151],[75.6472,19.8503],[75.6537,19.9105],[75.6676,19.9204],[75.668,19.9397],[75.6409,19.9552],[75.63,20.0006],[75.605,20.0059],[75.5935,20.0281],[75.6074,20.0518],[75.5943,20.0613],[75.5895,20.0785],[75.5894,20.102],[75.6272,20.1054],[75.6358,20.128],[75.6487,20.1913],[75.6745,20.1882],[75.6841,20.2043],[75.6816,20.2292],[75.6761,20.2401],[75.6896,20.2652],[75.6966,20.2862],[75.6857,20.3094],[75.7119,20.3171],[75.7189,20.3318],[75.7558,20.3278],[75.7691,20.3376],[75.7694,20.3535],[75.7517,20.3734],[75.7545,20.3992],[75.7373,20.4143],[75.7429,20.4234],[75.7597,20.4272],[75.7655,20.4507],[75.7737,20.4561],[75.799,20.453],[75.7996,20.4633],[75.831,20.4727],[75.8438,20.46],[75.8667,20.4675],[75.8517,20.4902],[75.8535,20.5075],[75.8679,20.5273],[75.8864,20.5311],[75.865,20.5617],[75.8895,20.5634]]]},"properties":{"DISTRICT":"Aurangabad","ST_NM":"Maharashtra","ST_CEN_CD":27,"DT_CEN_CD":19}},
{"type":"Feature","geometry":{"type":"Polygon","coordinates":[[[83.4593,21.0549],[83.443,21.0469],[83.4278,21.0317],[83.4084,21.0475],[83.4078,21.0596],[83.3946,21.0695],[83.3814,21.0633],[83.3586,21.0696],[83.3446,21.0585],[83.3248,21.0554],[83.32,21.0394],[83.297,21.0154],[83.3351,20.9842],[83.3651,21.0056],[83.3863,20.9932],[83.3922,20.9709],[83.3834,20.9433],[83.4164,20.9097],[83.4132,20.896],[83.3508,20.8764],[83.3308,20.8826],[83.3228,20.866],[83.3037,20.853],[83.2754,20.868],[83.2737,20.8803],[83.2546,20.8993],[83.2542,20.9193],[83.2327,20.9309],[83.2206,20.9276],[83.1943,20.8985],[83.1661,20.8861],[83.1478,20.8829],[83.1325,20.8636],[83.1215,20.8638],[83.1048,20.876],[83.0909,20.8612],[83.0254,20.8575],[83.0138,20.861],[82.9935,20.8492],[82.9689,20.8966],[82.9555,20.8974],[82.9452,20.8876],[82.9295,20.8878],[82.9153,20.9061],[82.8911,20.9102],[82.86,20.8785],[82.8347,20.8644],[82.8175,20.8454],[82.8041,20.8376],[82.7759,20.8074],[82.7645,20.7815],[82.7487,20.773],[82.7376,20.7254],[82.7124,20.7305],[82.7029,20.7257],[82.6957,20.7012],[82.6963,20.6807],[82.7204,20.6756],[82.7335,20.6508],[82.7327,20.6314],[82.7432,20.623],[82.7303,20.5811],[82.7158,20.5703],[82.7108,20.5412],[82.7075,20.5002],[82.698,20.4762],[82.6917,20.473],[82.6867,20.4501],[82.7023,20.4373],[82.6986,20.4233],[82.7322,20.3842],[82.7167,20.367],[82.7196,20.3575],[82.7454,20.3622],[82.7649,20.3545],[82.7799,20.3592],[82.8062,20.384],[82.8173,20.3831],[82.8153,20.3641],[82.7932,20.3467],[82.7924,20.326],[82.8052,20.3207],[82.8147,20.3281],[82.809,20.3424],[82.8143,20.3544],[82.8418,20.3368],[82.855,20.3371],[82.8528,20.2973],[82.8383,20.3065],[82.8373,20.3205],[82.8232,20.3218],[82.8224,20.3066],[82.8144,20.2951],[82.8327,20.2809],[82.8505,20.2875],[82.8624,20.2703],[82.8546,20.2389],[82.8628,20.235],[82.849,20.1963],[82.8319,20.1868],[82.8182,20.1884],[82.8132,20.1729],[82.825,20.1655],[82.8844,20.1585],[82.9113,20.1485],[82.9143,20.1665],[82.9324,20.1793],[82.9464,20.1735],[82.969,20.1791],[82.9837,20.1736],[83.0134,20.1704],[83.051,20.1866],[83.0593,20.1849],[83.091,20.1987],[83.1017,20.1914],[83.1283,20.1939],[83.1456,20.1702],[83.1837,20.1728],[83.2042,20.1941],[83.2264,20.205],[83.2404,20.2303],[83.2357,20.2461],[83.2431,20.2604],[83.2698,20.2699],[83.2854,20.2809],[83.3004,20.3035],[83.3249,20.308],[83.3439,20.3168],[83.3604,20.315],[83.3661,20.3374],[83.3856,20.345],[83.4123,20.3725],[83.4236,20.4033],[83.4502,20.4192],[83.4878,20.454],[83.4966,20.434],[83.4909,20.4157],[83.5191,20.413],[83.5235,20.4057],[83.55,20.4018],[83.5712,20.3882],[83.5753,20.3675],[83.6252,20.3507],[83.6301,20.3686],[83.6565,20.3702],[83.6489,20.3861],[83.6501,20.3883],[83.6526,20.3894],[83.6543,20.3904],[83.6605,20.4036],[83.6583,20.4131],[83.6633,20.4179],[83.6656,20.4202],[83.6663,20.4229],[83.666,20.423],[83.659,20.4257],[83.6581,20.4322],[83.6221,20.4494],[83.6196,20.459],[83.585,20.4861],[83.5723,20.4845],[83.5879,20.5263],[83.6064,20.5299],[83.5956,20.55],[83.6031,20.5731],[83.5959,20.6036],[83.6225,20.6306],[83.6298,20.6577],[83.6403,20.68],[83.6532,20.6892],[83.669,20.7117],[83.6778,20.7422],[83.6587,20.746],[83.6522,20.7563],[83.6589,20.7697],[83.6377,20.7718],[83.6362,20.7969],[83.6176,20.8036],[83.5995,20.8011],[83.5973,20.8224],[83.6241,20.816],[83.6196,20.8323],[83.5756,20.8473],[83.5798,20.8735],[83.6209,20.9037],[83.6156,20.9176],[83.6202,20.9471],[83.6377,20.9688],[83.6418,20.9801],[83.6258,20.9855],[83.5753,20.9751],[83.5364,20.9849],[83.5094,20.9829],[83.4893,20.997],[83.4709,20.9976],[83.4507,21.0191],[83.4593,21.0549]]]},"properties":{"DISTRICT":"Balangir","ST_NM":"Orissa","ST_CEN_CD":21,"DT_CEN_CD":24}},
{"type":"Feature","geometry":{"type":"Polygon","coordinates":[[[81.0222,25.5443],[81.0014,25.5635],[81.0065,25.5763],[81.0338,25.5922],[81.039,25.6223],[81.0196,25.6328],[80.9713,25.6085],[80.9588,25.608],[80.9479,25.6208],[80.9453,25.6421],[80.9497,25.6747],[80.9367,25.6872],[80.9024,25.677],[80.8628,25.6758],[80.8516,25.7004],[80.8478,25.7197],[80.8281,25.7237],[80.8048,25.7009],[80.7674,25.6841],[80.72,25.6807],[80.6944,25.6913],[80.6542,25.7018],[80.5913,25.7103],[80.5602,25.7263],[80.5557,25.7346],[80.5747,25.7615],[80.5764,25.783],[80.5444,25.7771],[80.5233,25.7768],[80.499,25.7865],[80.4693,25.8101],[80.4643,25.8223],[80.4817,25.8334],[80.5357,25.8352],[80.5488,25.844],[80.5564,25.8667],[80.5321,25.8746],[80.5064,25.8779],[80.4569,25.8986],[80.3894,25.9106],[80.3502,25.8987],[80.3526,25.8697],[80.327,25.8437],[80.3016,25.8433],[80.291,25.8352],[80.298,25.8199],[80.278,25.8182],[80.2623,25.8056],[80.2389,25.8044],[80.2356,25.793],[80.2618,25.7871],[80.2762,25.7678],[80.3051,25.7611],[80.3285,25.7396],[80.3289,25.7323],[80.3475,25.7166],[80.3357,25.7075],[80.3209,25.7086],[80.3041,25.6932],[80.3173,25.645],[80.3017,25.631],[80.2763,25.62],[80.2906,25.6071],[80.2775,25.5809],[80.2526,25.5873],[80.2331,25.5596],[80.2145,25.5542],[80.2064,25.5269],[80.2201,25.5252],[80.2232,25.5005],[80.2125,25.4878],[80.2243,25.4706],[80.1939,25.467],[80.1907,25.442],[80.1496,25.4575],[80.1394,25.4563],[80.1211,25.4074],[80.141,25.4108],[80.117,25.3614],[80.1042,25.347],[80.1151,25.3396],[80.1352,25.3361],[80.1453,25.3512],[80.1673,25.3617],[80.1674,25.3731],[80.1961,25.3791],[80.1971,25.4019],[80.2222,25.3997],[80.2348,25.4061],[80.2534,25.4004],[80.2641,25.4242],[80.282,25.4205],[80.3036,25.4033],[80.3173,25.3874],[80.3215,25.3678],[80.3109,25.3538],[80.32,25.3298],[80.3173,25.3014],[80.3108,25.2926],[80.3202,25.2778],[80.3492,25.2742],[80.3659,25.2468],[80.3862,25.2332],[80.4072,25.2387],[80.4098,25.2167],[80.4263,25.1877],[80.4318,25.1699],[80.4236,25.1611],[80.3949,25.1586],[80.3567,25.1364],[80.3556,25.1258],[80.3737,25.1168],[80.3687,25.0997],[80.3527,25.093],[80.3452,25.0671],[80.3531,25.0544],[80.3084,25.044],[80.2896,25.0558],[80.2858,25.0398],[80.2749,25.026],[80.2972,25.017],[80.3221,24.9994],[80.3339,24.999],[80.346,25.0168],[80.3559,25.0123],[80.3758,25.0213],[80.3808,25.0042],[80.3902,25.0056],[80.3873,25.0518],[80.4022,25.0679],[80.418,25.0726],[80.4308,25.0672],[80.4488,25.0779],[80.454,25.0617],[80.4681,25.0656],[80.4782,25.0406],[80.4728,25.0317],[80.4544,25.0412],[80.4336,25.0266],[80.448,25.0184],[80.4526,25.0073],[80.4662,25.0001],[80.4603,24.9826],[80.4813,24.9763],[80.4848,24.9895],[80.5067,25.0052],[80.5503,25.0027],[80.5439,25.0177],[80.5496,25.0297],[80.5138,25.0403],[80.5013,25.0502],[80.5104,25.0588],[80.4987,25.0741],[80.4954,25.0877],[80.5176,25.0969],[80.5271,25.0778],[80.5515,25.0636],[80.5868,25.0842],[80.6149,25.0722],[80.5959,25.105],[80.6028,25.1511],[80.614,25.1452],[80.6137,25.1323],[80.6331,25.1336],[80.6305,25.118],[80.6166,25.0945],[80.626,25.0896],[80.6496,25.0891],[80.6619,25.0725],[80.6874,25.0778],[80.6817,25.0502],[80.7226,25.0638],[80.707,25.0775],[80.71,25.0951],[80.6983,25.103],[80.6887,25.1306],[80.6935,25.1543],[80.716,25.1639],[80.7122,25.1791],[80.7203,25.1894],[80.7389,25.1849],[80.7534,25.1873],[80.7673,25.2054],[80.7925,25.2109],[80.7933,25.2203],[80.7698,25.2237],[80.7479,25.2329],[80.7515,25.2513],[80.7829,25.2621],[80.7999,25.2463],[80.8119,25.2628],[80.7874,25.2742],[80.7771,25.2965],[80.7602,25.3056],[80.7626,25.318],[80.78,25.3298],[80.8028,25.3362],[80.8179,25.347],[80.8312,25.347],[80.8544,25.37],[80.8644,25.3741],[80.8834,25.4025],[80.8877,25.4199],[80.9157,25.4388],[80.9307,25.4421],[80.9437,25.4693],[80.9833,25.4629],[80.9879,25.4772],[81.0268,25.5038],[81.0083,25.5344],[81.0222,25.5443]]]},"properties":{"DISTRICT":"Banda","ST_NM":"Uttar Pradesh","ST_CEN_CD":9,"DT_CEN_CD":39}},
{"type":"Feature","geometry":{"type":"Polygon","coordinates":[[[74.7139,34.3467],[74.7043,34.3546],[74.6836,34.3564],[74.6485,34.3517],[74.5956,34.3158],[74.5768,34.309],[74.5444,34.3092],[74.5306,34.3198],[74.5151,34.3999],[74.4579,34.3627],[74.4263,34.3445],[74.4088,34.3415],[74.3716,34.3476],[74.3656,34.3544],[74.3377,34.3457],[74.2889,34.3363],[74.246,34.3338],[74.2033,34.3262],[74.179,34.319],[74.02,34.2853],[74.0394,34.2704],[74.1401,34.2487],[74.1751,34.2375],[74.2162,34.2298],[74.251,34.2271],[74.2942,34.2126],[74.3149,34.2028],[74.3275,34.1895],[74.3321,34.1692],[74.3286,34.1454],[74.3008,34.1194],[74.2913,34.0921],[74.2981,34.0651],[74.3217,34.0214],[74.3311,33.9724],[74.3201,33.9556],[74.3445,33.9269],[74.3672,33.912],[74.3881,33.892],[74.4134,33.8569],[74.4393,33.8777],[74.4611,33.9018],[74.4827,33.931],[74.4923,33.9566],[74.5363,33.9912],[74.635,34.0352],[74.71,34.0567],[74.7872,34.0679],[74.8232,34.049],[74.8135,34.0768],[74.7678,34.1185],[74.7202,34.1484],[74.7013,34.1735],[74.6962,34.2226],[74.6873,34.2547],[74.6746,34.2766],[74.6657,34.3087],[74.6894,34.3463],[74.7139,34.3467]]]},"properties":{"DISTRICT":"Baramula","ST_NM":"Jammu and Kashmir","ST_CEN_CD":1,"DT_CEN_CD":8}},
{"type":"Feature","geometry":{"type":"Polygon","coordinates":[[[79.6425,28.8528],[79.6308,28.8615],[79.6041,28.8604],[79.5883,28.8442],[79.5627,28.8398],[79.5594,28.8482],[79.5658,28.8724],[79.5449,28.8842],[79.519,28.8572],[79.4884,28.8611],[79.4715,28.8531],[79.4452,28.8555],[79.4229,28.8498],[79.4074,28.8793],[79.4004,28.8711],[79.3826,28.8708],[79.407,28.8371],[79.4048,28.8196],[79.3734,28.814],[79.3852,28.794],[79.3881,28.7573],[79.3714,28.7599],[79.3681,28.7433],[79.3504,28.733],[79.3045,28.7188],[79.2859,28.6803],[79.2551,28.644],[79.239,28.6386],[79.236,28.6142],[79.2423,28.6072],[79.23,28.5926],[79.2219,28.5725],[79.2087,28.5794],[79.2011,28.5621],[79.1833,28.557],[79.1627,28.5361],[79.1659,28.5219],[79.155,28.5035],[79.1404,28.4899],[79.1173,28.4819],[79.0983,28.4861],[79.0785,28.483],[79.0783,28.4642],[79.0511,28.4626],[79.056,28.4488],[79.0383,28.4381],[79.0169,28.4315],[79.0001,28.4315],[79.0001,28.3848],[79.0509,28.3745],[79.0766,28.3536],[79.0697,28.3302],[79.0771,28.3115],[79.0936,28.3106],[79.0925,28.298],[79.1015,28.2766],[79.0927,28.2667],[79.0952,28.247],[79.125,28.228],[79.1268,28.2164],[79.1177,28.2039],[79.1292,28.189],[79.1474,28.1906],[79.1608,28.1743],[79.1721,28.1803],[79.1959,28.1749],[79.2145,28.1881],[79.2419,28.1818],[79.2717,28.1642],[79.3144,28.1768],[79.3268,28.1697],[79.3355,28.1544],[79.3508,28.1654],[79.3591,28.1625],[79.3875,28.1755],[79.4069,28.1662],[79.4236,28.1687],[79.4463,28.1505],[79.4589,28.135],[79.4827,28.1225],[79.4989,28.1077],[79.4995,28.0661],[79.4812,28.0448],[79.4975,28.0205],[79.5287,28.0592],[79.5492,28.0693],[79.5616,28.0677],[79.5862,28.0907],[79.6019,28.0816],[79.6301,28.0843],[79.638,28.1219],[79.6263,28.1341],[79.6213,28.1491],[79.6283,28.1564],[79.6342,28.1794],[79.6465,28.1924],[79.6455,28.212],[79.6658,28.2135],[79.672,28.2211],[79.6678,28.2368],[79.6823,28.2463],[79.6852,28.2631],[79.7118,28.2644],[79.7107,28.2865],[79.6783,28.3062],[79.674,28.3198],[79.69,28.339],[79.7025,28.3654],[79.7009,28.376],[79.6719,28.3913],[79.6901,28.4013],[79.6982,28.415],[79.7123,28.4101],[79.7258,28.4186],[79.7209,28.4546],[79.7354,28.4582],[79.7453,28.4415],[79.7574,28.4503],[79.7444,28.4659],[79.75,28.4963],[79.7473,28.5074],[79.7207,28.5165],[79.7175,28.5311],[79.6852,28.5285],[79.6853,28.5552],[79.6629,28.5545],[79.6755,28.5827],[79.6535,28.5848],[79.6456,28.603],[79.6125,28.5928],[79.5997,28.6159],[79.6076,28.6299],[79.6222,28.6749],[79.6178,28.6875],[79.6294,28.709],[79.6482,28.7251],[79.6558,28.7246],[79.6726,28.7435],[79.6698,28.7597],[79.6548,28.7707],[79.6575,28.8027],[79.6432,28.8382],[79.6425,28.8528]]]},"properties":{"DISTRICT":"Bareilly","ST_NM":"Uttar Pradesh","ST_CEN_CD":9,"DT_CEN_CD":19}},
{"type":"Feature","geometry":{"type":"Polygon","coordinates":[[[72.0727,26.3494],[72.0593,26.3528],[72.0244,26.3464],[72,26.336],[71.9833,26.3224],[71.9461,26.3164],[71.9195,26.2979],[71.8948,26.3002],[71.8846,26.3408],[71.8424,26.3738],[71.8257,26.3656],[71.8113,26.3323],[71.7878,26.346],[71.7572,26.3474],[71.7533,26.3612],[71.7375,26.3756],[71.7056,26.3905],[71.6757,26.3848],[71.6474,26.403],[71.6384,26.4042],[71.6284,26.42],[71.6224,26.4574],[71.6142,26.4823],[71.5908,26.5019],[71.5777,26.5081],[71.5381,26.4893],[71.5196,26.4883],[71.5096,26.4697],[71.4905,26.4569],[71.4723,26.4715],[71.4644,26.4979],[71.4476,26.5139],[71.44,26.4973],[71.4169,26.4865],[71.4054,26.473],[71.3859,26.4648],[71.3252,26.4255],[71.3081,26.4391],[71.3058,26.4521],[71.2887,26.4666],[71.2558,26.4611],[71.2216,26.4465],[71.1888,26.4142],[71.1839,26.4037],[71.19,26.3889],[71.1605,26.3383],[71.1421,26.3121],[71.1256,26.3057],[71.089,26.318],[71.0773,26.3252],[71.0616,26.315],[71.0714,26.3023],[71.0635,26.2904],[71.0477,26.2844],[71.02,26.2835],[71.0047,26.2768],[70.9975,26.2661],[70.9539,26.2491],[70.9432,26.2246],[70.9937,26.2215],[71.01,26.2246],[71.0125,26.2023],[71.0399,26.1708],[71.0513,26.1424],[71.0254,26.1153],[71,26.1153],[70.9636,26.0982],[70.9442,26.0793],[70.9678,26.0497],[70.9696,26.0376],[70.9611,26.022],[70.9437,26.0347],[70.9449,26.0526],[70.8969,26.109],[70.8771,26.1282],[70.8322,26.1378],[70.8003,26.141],[70.7517,26.1493],[70.7427,26.1446],[70.7133,26.1678],[70.7179,26.1927],[70.7162,26.2122],[70.6825,26.2133],[70.6609,26.2],[70.6484,26.1986],[70.5988,26.2039],[70.5668,26.2026],[70.5519,26.198],[70.5242,26.182],[70.5025,26.1767],[70.4643,26.1816],[70.4312,26.1812],[70.4279,26.1969],[70.4103,26.2005],[70.3869,26.176],[70.3666,26.1482],[70.3521,26.1444],[70.3305,26.1539],[70.2992,26.1516],[70.2783,26.1565],[70.2653,26.1655],[70.2541,26.1612],[70.2243,26.1228],[70.2136,26.1407],[70.192,26.1531],[70.1442,26.1566],[70.1361,26.1533],[70.0864,26.0879],[70.0858,26.0616],[70.0918,25.9931],[70.0993,25.9355],[70.1562,25.8553],[70.1688,25.8305],[70.1941,25.8161],[70.2354,25.7769],[70.2516,25.7528],[70.2631,25.7191],[70.2761,25.7093],[70.3662,25.6783],[70.3907,25.6736],[70.4165,25.6792],[70.4817,25.6853],[70.5243,25.6853],[70.5575,25.6954],[70.5936,25.7121],[70.6389,25.7152],[70.658,25.7058],[70.6682,25.6888],[70.6731,25.6692],[70.669,25.5971],[70.6678,25.5322],[70.6793,25.5265],[70.6709,25.4557],[70.671,25.4248],[70.6653,25.3976],[70.7144,25.3532],[70.7355,25.3288],[70.7502,25.2828],[70.7576,25.2727],[70.7873,25.2474],[70.8005,25.2313],[70.8472,25.1895],[70.8855,25.1512],[70.8965,25.1021],[70.9047,25.0525],[70.9165,25.0016],[70.9363,24.9413],[70.9471,24.9211],[70.9695,24.8963],[70.9948,24.8593],[71.0261,24.8051],[71.041,24.7668],[71.0534,24.7451],[71.0635,24.7181],[71.0911,24.6893],[71.0978,24.6866],[71.11,24.6745],[71.1625,24.6545],[71.188,24.6485],[71.2095,24.699],[71.2344,24.716],[71.2629,24.7483],[71.2544,24.7955],[71.2679,24.8097],[71.3045,24.8218],[71.3303,24.8507],[71.3289,24.8681],[71.3063,24.8908],[71.3159,24.9059],[71.332,24.8974],[71.3473,24.9185],[71.3409,24.9342],[71.3866,24.9695],[71.4072,24.9677],[71.4263,24.9748],[71.4744,24.9988],[71.5166,25.0075],[71.5272,25.0014],[71.5302,24.9738],[71.5563,24.9846],[71.5843,25.0229],[71.5973,25.0295],[71.6284,25.0344],[71.6583,25.0135],[71.6795,24.9872],[71.6895,24.9925],[71.7127,25.0231],[71.7271,25.0319],[71.7264,25.0479],[71.7368,25.0692],[71.7576,25.0746],[71.7845,25.067],[71.7997,25.0587],[71.8026,25.0767],[71.7926,25.0843],[71.8067,25.1026],[71.8036,25.1162],[71.8248,25.1268],[71.8379,25.1483],[71.8495,25.2071],[71.8808,25.2249],[71.9017,25.25],[71.8887,25.262],[71.9023,25.272],[71.9346,25.2843],[71.95,25.3213],[71.9298,25.3334],[71.9207,25.3449],[71.932,25.364],[71.9612,25.4007],[72.0003,25.4452],[72.0245,25.4637],[72.0334,25.4761],[72.0568,25.4817],[72.0889,25.4653],[72.1041,25.4244],[72.1429,25.4349],[72.1604,25.4342],[72.1965,25.4199],[72.2163,25.406],[72.2447,25.4158],[72.2706,25.4112],[72.2932,25.3915],[72.3169,25.3873],[72.3321,25.4033],[72.3327,25.4337],[72.3562,25.4536],[72.3782,25.4415],[72.4059,25.4428],[72.4114,25.4361],[72.4565,25.458],[72.463,25.4544],[72.5116,25.506],[72.5216,25.5051],[72.5351,25.5176],[72.5619,25.5313],[72.5488,25.5504],[72.5488,25.5609],[72.572,25.5835],[72.5859,25.602],[72.6009,25.6074],[72.6223,25.6011],[72.6302,25.6101],[72.6612,25.6068],[72.6763,25.6119],[72.7001,25.6006],[72.7204,25.609],[72.7116,25.64],[72.6864,25.6698],[72.7217,25.6893],[72.7491,25.7222],[72.7599,25.7249],[72.7552,25.7414],[72.7242,25.7555],[72.7269,25.7751],[72.7473,25.7828],[72.7566,25.8088],[72.7777,25.8015],[72.7833,25.8125],[72.8108,25.8219],[72.8346,25.816],[72.8423,25.8202],[72.8486,25.8418],[72.8343,25.863],[72.8061,25.8529],[72.7769,25.8817],[72.7512,25.8817],[72.7533,25.8921],[72.7007,25.9337],[72.6916,25.9297],[72.6594,25.9549],[72.6317,25.9642],[72.6187,25.978],[72.6177,26.0066],[72.645,26.013],[72.6497,26.0184],[72.6845,26.0295],[72.694,26.0365],[72.6854,26.05],[72.6881,26.0639],[72.6787,26.0718],[72.6942,26.1059],[72.697,26.1271],[72.6895,26.1321],[72.6813,26.1734],[72.6882,26.1862],[72.6598,26.2077],[72.6398,26.2298],[72.6336,26.2282],[72.5961,26.2799],[72.5734,26.2669],[72.5519,26.2644],[72.5318,26.2739],[72.5247,26.2881],[72.5074,26.2786],[72.4916,26.2993],[72.4669,26.301],[72.427,26.2864],[72.4201,26.2788],[72.4253,26.2629],[72.4094,26.239],[72.3743,26.2254],[72.3404,26.2444],[72.3084,26.2167],[72.2799,26.2115],[72.2685,26.1978],[72.255,26.2104],[72.2172,26.2315],[72.2012,26.2566],[72.1595,26.281],[72.1653,26.2868],[72.1531,26.3082],[72.114,26.3213],[72.0976,26.319],[72.0727,26.3494]]]},"properties":{"DISTRICT":"Barmer","ST_NM":"Rajasthan","ST_CEN_CD":8,"DT_CEN_CD":17}},
{"type":"Feature","geometry":{"type":"Polygon","coordinates":[[[75.2928,30.5097],[75.2823,30.5075],[75.2669,30.5191],[75.2217,30.5085],[75.21,30.5155],[75.1873,30.5064],[75.1825,30.5374],[75.1746,30.5626],[75.1628,30.577],[75.1402,30.5789],[75.123,30.5619],[75.1214,30.5527],[75.1319,30.5311],[75.1299,30.5224],[75.1095,30.5202],[75.0846,30.5284],[75.0609,30.5025],[75.0353,30.5039],[75.0206,30.4901],[75.0083,30.4881],[75.0258,30.4836],[75.0332,30.4568],[75.0208,30.4391],[75.0241,30.4262],[75.0419,30.4187],[75.0537,30.4051],[75.0561,30.3884],[75.0423,30.3773],[75.0192,30.3812],[74.973,30.3952],[74.9639,30.3857],[74.9456,30.3842],[74.9321,30.3682],[74.8747,30.3895],[74.8543,30.3767],[74.8223,30.3931],[74.7864,30.3392],[74.7807,30.3389],[74.724,30.3653],[74.712,30.3575],[74.7488,30.3431],[74.7852,30.3352],[74.7615,30.3194],[74.7467,30.3211],[74.7257,30.3079],[74.7522,30.2858],[74.7229,30.2578],[74.7214,30.2261],[74.7148,30.1968],[74.7304,30.1966],[74.7369,30.1808],[74.7049,30.1603],[74.688,30.1662],[74.6583,30.1633],[74.6421,30.1478],[74.632,30.1273],[74.6462,30.1136],[74.6835,30.1019],[74.6763,30.0878],[74.684,30.0724],[74.7054,30.0651],[74.6943,30.0451],[74.6962,30.0333],[74.7172,30.0143],[74.7045,29.9873],[74.7073,29.9704],[74.7339,29.961],[74.7472,29.9682],[74.786,29.9735],[74.8113,29.9916],[74.8268,29.9835],[74.8315,29.972],[74.8597,29.958],[74.8821,29.958],[74.8916,29.9672],[74.9045,29.9517],[74.9045,29.9382],[74.9259,29.9479],[74.9342,29.9402],[74.9532,29.9012],[74.98,29.8885],[74.9795,29.8792],[74.9999,29.8549],[75.0157,29.866],[75.0242,29.8631],[75.0476,29.8802],[75.0619,29.8732],[75.0756,29.8774],[75.0879,29.9106],[75.095,29.9135],[75.1129,29.8953],[75.1107,29.8661],[75.0948,29.8569],[75.0958,29.8431],[75.1142,29.8362],[75.1172,29.8247],[75.1034,29.8175],[75.1002,29.8049],[75.1123,29.8007],[75.135,29.8038],[75.1415,29.783],[75.1596,29.7897],[75.1655,29.8179],[75.1887,29.835],[75.187,29.8454],[75.2157,29.8573],[75.213,29.8789],[75.1995,29.8871],[75.185,29.8833],[75.1811,29.9105],[75.1695,29.9242],[75.1792,29.9367],[75.1841,29.9684],[75.2051,29.976],[75.2346,29.9568],[75.2512,29.9786],[75.2744,29.97],[75.2813,29.9822],[75.2793,30.0002],[75.3032,30.0144],[75.2607,30.0164],[75.2539,30.0361],[75.276,30.0513],[75.2615,30.0591],[75.2608,30.0989],[75.271,30.1093],[75.3014,30.1082],[75.3459,30.1297],[75.3486,30.1567],[75.3665,30.1734],[75.3591,30.1837],[75.3723,30.2005],[75.3783,30.2347],[75.3643,30.2689],[75.3644,30.2835],[75.3501,30.2842],[75.3467,30.3038],[75.3244,30.3137],[75.3219,30.3328],[75.3439,30.3336],[75.3448,30.3434],[75.325,30.3498],[75.3358,30.3778],[75.3096,30.3789],[75.3013,30.4237],[75.2698,30.4483],[75.2577,30.465],[75.2739,30.4824],[75.2928,30.5097]]]},"properties":{"DISTRICT":"Bathinda","ST_NM":"Punjab","ST_CEN_CD":3,"DT_CEN_CD":12}},
{"type":"Feature","geometry":{"type":"Polygon","coordinates":[[[77.3186,23.8938],[77.2936,23.8956],[77.2704,23.8898],[77.2276,23.8959],[77.2219,23.866],[77.2221,23.8205],[77.211,23.8017],[77.2139,23.7896],[77.2018,23.7683],[77.1847,23.7153],[77.17,23.6866],[77.2037,23.6589],[77.2221,23.6662],[77.2312,23.6481],[77.225,23.633],[77.2334,23.6235],[77.2495,23.6224],[77.276,23.6105],[77.2773,23.593],[77.2958,23.5852],[77.2857,23.5658],[77.2939,23.5459],[77.2918,23.5224],[77.2992,23.5143],[77.2868,23.4916],[77.2977,23.4749],[77.287,23.45],[77.2983,23.4316],[77.2853,23.4125],[77.2736,23.4074],[77.2586,23.4112],[77.2451,23.4062],[77.2622,23.3871],[77.2491,23.3794],[77.2309,23.3568],[77.2272,23.3282],[77.2156,23.3273],[77.204,23.3597],[77.1899,23.3598],[77.1846,23.3497],[77.1866,23.3318],[77.1825,23.3106],[77.1982,23.3007],[77.221,23.2989],[77.2218,23.2827],[77.214,23.2714],[77.2146,23.2556],[77.1902,23.2425],[77.2002,23.2215],[77.221,23.2269],[77.2266,23.2154],[77.2172,23.2034],[77.2412,23.1944],[77.2591,23.1442],[77.28,23.1365],[77.286,23.104],[77.3273,23.1083],[77.3328,23.0965],[77.3627,23.0951],[77.3834,23.0894],[77.4381,23.0963],[77.454,23.0926],[77.4661,23.0999],[77.5061,23.1062],[77.5176,23.122],[77.5434,23.1279],[77.5474,23.1411],[77.5679,23.1446],[77.5732,23.1577],[77.5665,23.1799],[77.5859,23.1863],[77.5817,23.2022],[77.59,23.2076],[77.5987,23.2446],[77.5931,23.2552],[77.5962,23.2731],[77.5854,23.283],[77.593,23.3058],[77.6256,23.3291],[77.628,23.3542],[77.5833,23.3533],[77.5755,23.3739],[77.5608,23.3762],[77.5503,23.3913],[77.5512,23.404],[77.5617,23.4136],[77.5589,23.4238],[77.5431,23.4277],[77.5188,23.4238],[77.4923,23.4272],[77.4965,23.4556],[77.522,23.5176],[77.5069,23.5411],[77.5088,23.5729],[77.5602,23.601],[77.5799,23.6527],[77.611,23.663],[77.632,23.6621],[77.6507,23.6984],[77.65,23.718],[77.6289,23.7134],[77.6195,23.726],[77.6046,23.7305],[77.6139,23.7474],[77.5893,23.7579],[77.5742,23.7686],[77.5502,23.7577],[77.5158,23.7674],[77.5074,23.7773],[77.4711,23.7605],[77.4353,23.7907],[77.4314,23.804],[77.4176,23.8047],[77.4004,23.8397],[77.4013,23.8514],[77.3841,23.861],[77.3748,23.884],[77.3371,23.8932],[77.3186,23.8938]]]},"properties":{"DISTRICT":"Bhopal","ST_NM":"Madhya Pradesh","ST_CEN_CD":23,"DT_CEN_CD":27}},
{"type":"Feature","geometry":{"type":"Polygon","coordinates":[[[74.0425,29.0123],[74.0291,29.0073],[74.0223,28.9865],[74.0205,28.9602],[74.0263,28.9333],[74.0082,28.9205],[73.9751,28.9037],[73.9595,28.9459],[73.9689,28.9763],[73.9111,28.9611],[73.9102,28.9568],[73.877,28.9409],[73.8468,28.938],[73.8524,28.9518],[73.8423,28.9695],[73.8308,28.9669],[73.8271,28.9826],[73.8101,28.9923],[73.7985,29.0071],[73.8028,29.0229],[73.7999,29.0409],[73.7849,29.0411],[73.7724,29.0517],[73.7424,29.0076],[73.7308,29.0264],[73.7135,29.0243],[73.6898,29.0357],[73.6838,29.0214],[73.6563,29.0185],[73.624,29.0374],[73.6031,29.0278],[73.5704,28.9967],[73.5569,29.0089],[73.5208,28.9946],[73.508,29.006],[73.4867,29.012],[73.4546,28.9929],[73.4272,28.9919],[73.4148,29.0033],[73.3877,29.0102],[73.3454,29.0059],[73.3199,28.9892],[73.3076,28.9708],[73.2899,28.9715],[73.2796,28.9537],[73.2803,28.9404],[73.2579,28.9423],[73.2278,28.9297],[73.1974,28.8842],[73.2222,28.8497],[73.2053,28.8534],[73.1593,28.8178],[73.1599,28.7947],[73.15,28.784],[73.1163,28.7669],[73.0868,28.7626],[73.0355,28.743],[73.0111,28.7138],[73.0003,28.7153],[72.9576,28.7398],[72.9344,28.7286],[72.8252,28.7763],[72.7918,28.7813],[72.7653,28.7998],[72.7468,28.7827],[72.7352,28.8023],[72.7222,28.8099],[72.6925,28.848],[72.6734,28.8637],[72.6485,28.9032],[72.5927,28.8703],[72.5562,28.8525],[72.5244,28.833],[72.4509,28.7978],[72.407,28.7827],[72.3889,28.7688],[72.3483,28.721],[72.3116,28.6863],[72.2938,28.655],[72.2871,28.6248],[72.2361,28.4839],[72.2052,28.3904],[72.1693,28.3546],[72.1287,28.3088],[72.0213,28.2323],[71.9991,28.2141],[71.968,28.171],[71.9445,28.1456],[71.9323,28.1278],[71.9139,28.0539],[71.9134,28.032],[71.9029,27.9748],[71.8976,27.9626],[71.9116,27.9447],[71.9213,27.9247],[71.947,27.9131],[71.9809,27.9272],[71.9934,27.9431],[72.0323,27.9493],[72.0782,27.9238],[72.0992,27.8974],[72.1456,27.8727],[72.1549,27.8598],[72.1433,27.8443],[72.1546,27.811],[72.1556,27.7797],[72.1181,27.7484],[72.1049,27.7492],[72.0937,27.7361],[72.0951,27.7218],[72.1089,27.7051],[72.1173,27.7104],[72.1476,27.7111],[72.1928,27.6934],[72.2204,27.6744],[72.2265,27.6571],[72.2517,27.6729],[72.2765,27.6983],[72.2999,27.7076],[72.3298,27.6929],[72.3431,27.6918],[72.3231,27.634],[72.3035,27.5996],[72.2822,27.5678],[72.2632,27.5577],[72.2841,27.5487],[72.2961,27.5429],[72.2921,27.5264],[72.2796,27.5127],[72.2518,27.5073],[72.2538,27.4869],[72.2486,27.4681],[72.2663,27.4574],[72.2785,27.4656],[72.3008,27.4978],[72.3268,27.5137],[72.3369,27.5099],[72.3611,27.4899],[72.3678,27.5277],[72.3839,27.5429],[72.4002,27.5494],[72.4075,27.5429],[72.4375,27.5616],[72.4494,27.5858],[72.4686,27.5906],[72.5016,27.5836],[72.5414,27.61],[72.5602,27.6185],[72.5696,27.6064],[72.6039,27.6066],[72.6193,27.5902],[72.6243,27.5711],[72.6437,27.5602],[72.6606,27.5323],[72.6713,27.5426],[72.6759,27.575],[72.696,27.6044],[72.7176,27.5882],[72.728,27.5536],[72.7662,27.5229],[72.7784,27.5355],[72.7737,27.5632],[72.8355,27.5797],[72.8503,27.5551],[72.8476,27.5337],[72.8377,27.5213],[72.8255,27.5215],[72.8257,27.4919],[72.8308,27.4661],[72.8651,27.4771],[72.8826,27.4769],[72.8598,27.4432],[72.8949,27.4507],[72.8957,27.4266],[72.9021,27.4152],[72.9396,27.4476],[72.9459,27.4419],[72.9484,27.4044],[72.9876,27.3838],[73.0127,27.4006],[73.0425,27.4104],[73.0954,27.407],[73.1206,27.4081],[73.1453,27.3901],[73.1465,27.3541],[73.1517,27.3207],[73.1631,27.2948],[73.197,27.2772],[73.2083,27.2778],[73.2135,27.3044],[73.2424,27.326],[73.2679,27.3037],[73.2637,27.2848],[73.2791,27.2741],[73.2841,27.2551],[73.3222,27.2207],[73.3331,27.1992],[73.3511,27.1969],[73.3731,27.2135],[73.3595,27.2209],[73.3604,27.2379],[73.3752,27.2605],[73.3941,27.2745],[73.45,27.3096],[73.5042,27.3333],[73.4946,27.3604],[73.5262,27.3751],[73.5054,27.3953],[73.5062,27.4338],[73.5229,27.4447],[73.5193,27.4576],[73.5257,27.4783],[73.5397,27.4941],[73.5635,27.4922],[73.5796,27.481],[73.6121,27.4893],[73.6135,27.5011],[73.6276,27.5151],[73.6176,27.5356],[73.6331,27.5433],[73.6571,27.5641],[73.6814,27.5523],[73.7024,27.5273],[73.7045,27.5186],[73.7288,27.5201],[73.7514,27.5341],[73.772,27.5275],[73.7902,27.5014],[73.8116,27.4972],[73.8295,27.5044],[73.8593,27.5334],[73.8782,27.5394],[73.8852,27.5602],[73.8759,27.58],[73.8963,27.6023],[73.874,27.6475],[73.8672,27.685],[73.8768,27.6942],[73.8754,27.716],[73.8651,27.7327],[73.8694,27.7449],[73.8687,27.7785],[73.8848,27.7886],[73.9024,27.7895],[73.932,27.7844],[73.9594,27.8011],[73.9959,27.8044],[74.0036,27.7889],[74.0304,27.7706],[73.9982,27.7339],[74.0203,27.7214],[74.0351,27.7299],[74.0478,27.7222],[74.0645,27.7296],[74.0986,27.7819],[74.1207,27.7975],[74.1423,27.8015],[74.1698,27.7945],[74.1947,27.8072],[74.2276,27.8169],[74.2311,27.8314],[74.2277,27.8625],[74.2209,27.8749],[74.2253,27.8991],[74.2365,27.9055],[74.2521,27.9314],[74.2503,27.9458],[74.2354,27.9631],[74.2452,27.9754],[74.2421,27.9992],[74.256,28.0134],[74.2799,28.0268],[74.2975,28.0519],[74.2897,28.0774],[74.2808,28.0877],[74.2968,28.1175],[74.2988,28.1458],[74.3407,28.1638],[74.3558,28.1927],[74.359,28.2095],[74.3492,28.2278],[74.3249,28.2546],[74.3119,28.2531],[74.2821,28.2587],[74.25,28.2469],[74.2355,28.2505],[74.1995,28.2941],[74.2069,28.302],[74.198,28.3255],[74.1908,28.3276],[74.1524,28.3198],[74.1433,28.3435],[74.1116,28.3459],[74.0867,28.3373],[74.0649,28.3345],[74.0464,28.3456],[74.0378,28.3684],[74.0298,28.3762],[74.0315,28.3988],[74.0471,28.4137],[74.0676,28.4159],[74.0713,28.4291],[74.0602,28.4455],[74.0662,28.4975],[74.0606,28.5291],[74.0755,28.5428],[74.1084,28.5892],[74.0937,28.6194],[74.0828,28.6503],[74.0822,28.6692],[74.0997,28.6795],[74.1759,28.7075],[74.1944,28.7115],[74.169,28.7375],[74.1414,28.7378],[74.1465,28.7566],[74.1625,28.764],[74.1609,28.7772],[74.1359,28.7956],[74.1185,28.7937],[74.0966,28.783],[74.068,28.7918],[74.0931,28.8255],[74.1203,28.8471],[74.1302,28.8753],[74.1216,28.8965],[74.1129,28.8994],[74.1121,28.9402],[74.0858,28.9325],[74.0669,28.9382],[74.0729,28.964],[74.0515,28.9978],[74.0411,29.0043],[74.0425,29.0123]]]},"properties":{"DISTRICT":"Bikaner","ST_NM":"Rajasthan","ST_CEN_CD":8,"DT_CEN_CD":3}},
{"type":"Feature","geometry":{"type":"Polygon","coordinates":[[[93.2524,24.9716],[93.2164,24.9863],[93.2066,24.9801],[93.1857,24.9947],[93.1707,24.9966],[93.0719,24.9972],[93.0632,25.002],[93.0609,25.0226],[93.0403,25.0362],[93.0177,25.0611],[93.0237,25.0735],[93.0414,25.0849],[93.0496,25.0989],[93.0334,25.1034],[93.0192,25.0953],[92.9885,25.0936],[92.9785,25.0848],[92.9625,25.0882],[92.956,25.0733],[92.9461,25.0704],[92.9238,25.0796],[92.9018,25.0794],[92.8858,25.0682],[92.8587,25.0632],[92.8413,25.0531],[92.8292,25.0714],[92.8087,25.0831],[92.7837,25.0866],[92.7678,25.1035],[92.7657,25.1212],[92.7566,25.1386],[92.732,25.1377],[92.7375,25.1241],[92.7261,25.1121],[92.7169,25.1175],[92.702,25.1087],[92.6851,25.1138],[92.6727,25.1081],[92.6435,25.1168],[92.6233,25.1019],[92.6054,25.1104],[92.5434,25.0973],[92.527,25.1036],[92.4848,25.1059],[92.4807,25.0837],[92.4665,25.055],[92.4637,25.035],[92.4515,25.0388],[92.4384,25.0316],[92.427,25.0175],[92.4202,24.9918],[92.423,24.9744],[92.4659,24.9625],[92.4516,24.9526],[92.455,24.9423],[92.4887,24.9423],[92.4844,24.931],[92.4955,24.9061],[92.4989,24.874],[92.5162,24.8749],[92.5258,24.8587],[92.5603,24.8721],[92.5891,24.8619],[92.5821,24.8731],[92.598,24.8779],[92.6103,24.8609],[92.6314,24.8531],[92.6389,24.8355],[92.6398,24.8191],[92.6605,24.8132],[92.6803,24.8132],[92.684,24.8024],[92.6698,24.7898],[92.6675,24.7675],[92.6561,24.7357],[92.6592,24.7116],[92.6558,24.6917],[92.6599,24.6692],[92.6688,24.6588],[92.6666,24.6388],[92.6965,24.6164],[92.6784,24.6093],[92.6699,24.5911],[92.6897,24.5789],[92.7049,24.564],[92.7256,24.569],[92.7387,24.5867],[92.755,24.5827],[92.7641,24.5666],[92.7803,24.5692],[92.7752,24.5461],[92.7634,24.5298],[92.7647,24.5182],[92.8032,24.419],[92.831,24.3966],[92.832,24.3736],[92.8462,24.3795],[92.8622,24.3966],[92.8835,24.4001],[92.8956,24.3914],[92.9044,24.3915],[92.9108,24.4099],[92.9349,24.3925],[92.9505,24.4018],[92.9595,24.3928],[92.9794,24.4066],[92.9996,24.4001],[93.0151,24.3994],[93.0383,24.4079],[93.0313,24.4257],[93.0371,24.4579],[93.0477,24.4722],[93.035,24.4937],[93.052,24.5164],[93.0519,24.5415],[93.0719,24.5578],[93.1062,24.5802],[93.0979,24.588],[93.0747,24.5929],[93.086,24.608],[93.0887,24.6243],[93.0842,24.6444],[93.0956,24.6494],[93.0983,24.6632],[93.0881,24.7059],[93.0966,24.7285],[93.1121,24.7989],[93.1308,24.8027],[93.1566,24.7889],[93.1738,24.8002],[93.1924,24.8027],[93.191,24.8191],[93.2009,24.8467],[93.2137,24.8584],[93.2328,24.8813],[93.2328,24.8951],[93.2527,24.9152],[93.2435,24.9403],[93.2589,24.9478],[93.2627,24.9628],[93.2524,24.9716]]]},"properties":{"DISTRICT":"Cachar","ST_NM":"Assam","ST_CEN_CD":18,"DT_CEN_CD":17}},
{"type":"Feature","geometry":{"type":"Polygon","coordinates":[[[79.933,20.6665],[79.8791,20.6846],[79.8499,20.6776],[79.8029,20.6842],[79.7893,20.7174],[79.7617,20.7311],[79.7539,20.7106],[79.7609,20.7068],[79.7526,20.6858],[79.7354,20.6826],[79.7135,20.6853],[79.6935,20.6687],[79.7016,20.6447],[79.6957,20.6403],[79.6648,20.6537],[79.6534,20.6676],[79.6231,20.673],[79.6132,20.6912],[79.5983,20.6892],[79.5678,20.6942],[79.566,20.7016],[79.5346,20.7017],[79.5275,20.7077],[79.509,20.7039],[79.4896,20.6982],[79.46,20.6689],[79.4349,20.6588],[79.4069,20.6555],[79.3927,20.6605],[79.3895,20.6724],[79.3755,20.6773],[79.3504,20.6652],[79.3574,20.6553],[79.3459,20.6443],[79.3474,20.634],[79.3347,20.6136],[79.3218,20.5832],[79.3131,20.5806],[79.2925,20.5888],[79.2806,20.5852],[79.2515,20.5861],[79.2247,20.5821],[79.2144,20.5464],[79.1918,20.5327],[79.1794,20.5106],[79.1673,20.5053],[79.1566,20.4767],[79.1393,20.4775],[79.1307,20.454],[79.1137,20.45],[79.0964,20.46],[79.0632,20.4661],[79.024,20.4785],[79.0019,20.4476],[78.9891,20.4597],[78.9686,20.4586],[78.9637,20.4361],[78.9508,20.4284],[78.9198,20.43],[78.8992,20.4372],[78.8715,20.4217],[78.8568,20.4257],[78.8567,20.4111],[78.8432,20.4014],[78.8265,20.4019],[78.819,20.3873],[78.828,20.3621],[78.825,20.3461],[78.8336,20.3336],[78.83,20.3189],[78.812,20.3125],[78.8018,20.2978],[78.8198,20.2706],[78.8114,20.2598],[78.8271,20.247],[78.8503,20.2515],[78.8853,20.2474],[78.9188,20.2545],[78.9217,20.2372],[78.9467,20.2118],[78.9603,20.2068],[78.9551,20.1683],[78.9798,20.1525],[78.969,20.1335],[78.9741,20.1203],[79.0041,20.1205],[79.0167,20.1128],[79.0483,20.0841],[79.0441,20.0713],[79.0707,20.0638],[79.0833,20.0285],[79.1045,20.0151],[79.1152,19.9884],[79.0951,19.9814],[79.1105,19.9646],[79.0936,19.9456],[79.0949,19.9147],[79.1136,19.9038],[79.1517,19.893],[79.1326,19.863],[79.1098,19.8465],[79.0941,19.8405],[79.0802,19.8226],[79.0656,19.8148],[79.0429,19.8171],[79.0293,19.8014],[79.0112,19.8039],[78.9586,19.8032],[78.9418,19.7846],[78.9414,19.7716],[78.9518,19.7532],[78.9029,19.7371],[78.883,19.746],[78.8808,19.7632],[78.8589,19.7701],[78.8497,19.7601],[78.8623,19.7325],[78.8689,19.698],[78.8642,19.6576],[78.8965,19.6566],[78.9214,19.669],[78.9491,19.6665],[78.9672,19.6601],[78.9745,19.6506],[78.9684,19.6188],[78.9712,19.606],[78.9839,19.5919],[78.9835,19.5814],[78.96,19.5642],[78.9601,19.5534],[78.9841,19.5525],[78.9985,19.5636],[79.024,19.5416],[79.0572,19.5469],[79.0691,19.5329],[79.1086,19.5297],[79.1105,19.5145],[79.1461,19.5029],[79.1628,19.4874],[79.175,19.4697],[79.1949,19.4606],[79.2247,19.4664],[79.2266,19.4775],[79.2147,19.4867],[79.214,19.5005],[79.2216,19.5125],[79.2426,19.5287],[79.2457,19.5613],[79.256,19.5795],[79.2436,19.6013],[79.243,19.6112],[79.2612,19.613],[79.3108,19.592],[79.3203,19.5674],[79.3469,19.5757],[79.3751,19.5732],[79.3773,19.5635],[79.4198,19.5355],[79.4474,19.5356],[79.4644,19.5211],[79.4767,19.4996],[79.4996,19.5074],[79.5197,19.5203],[79.5213,19.5441],[79.549,19.5507],[79.554,19.5283],[79.5719,19.5132],[79.5977,19.504],[79.6072,19.5103],[79.6136,19.5417],[79.6278,19.5674],[79.6461,19.5773],[79.6844,19.5789],[79.7194,19.5857],[79.7468,19.6055],[79.784,19.6001],[79.792,19.596],[79.7943,19.6175],[79.7892,19.6314],[79.7868,19.7174],[79.761,19.7488],[79.7474,19.7791],[79.7441,19.8234],[79.7585,19.8468],[79.7817,19.8634],[79.8057,19.8999],[79.7769,19.95],[79.7722,19.972],[79.7807,20.0004],[79.7987,20.0203],[79.8142,20.0289],[79.8487,20.0325],[79.8707,20.0011],[79.8712,19.984],[79.895,19.9695],[79.9125,19.9676],[79.9376,19.9758],[79.9505,19.9848],[79.984,20.0293],[79.9916,20.0453],[79.9783,20.1032],[79.9654,20.1211],[79.9389,20.1289],[79.9137,20.1407],[79.9127,20.1498],[79.9342,20.1869],[79.9556,20.1988],[79.9895,20.2068],[79.9958,20.2198],[79.9923,20.2375],[79.9791,20.2567],[79.9568,20.2757],[79.9454,20.294],[79.95,20.3269],[79.9686,20.3422],[79.9735,20.3607],[79.9603,20.3835],[79.9621,20.415],[79.9431,20.4349],[79.9413,20.4468],[79.952,20.5002],[79.9528,20.5282],[79.9485,20.5369],[79.9276,20.5522],[79.9383,20.5824],[79.9433,20.6379],[79.933,20.6665]]]},"properties":{"DISTRICT":"Chandrapur","ST_NM":"Maharashtra","ST_CEN_CD":27,"DT_CEN_CD":13}},
{"type":"Feature","geometry":{"type":"Polygon","coordinates":[[[80.2733,12.9947],[80.2788,13.0125],[80.2852,13.0555],[80.3014,13.0845],[80.298,13.1191],[80.3035,13.1413],[80.2767,13.1396],[80.2695,13.1264],[80.2547,13.1219],[80.2277,13.1265],[80.2146,13.1043],[80.2079,13.0813],[80.2116,13.0642],[80.2087,13.0505],[80.2139,13.0272],[80.2044,13.0282],[80.2007,13.0154],[80.2129,13.0066],[80.215,12.9945],[80.2393,12.9893],[80.2733,12.9947]]]},"properties":{"DISTRICT":"Chennai","ST_NM":"Tamil Nadu","ST_CEN_CD":33,"DT_CEN_CD":2}},
{"type":"Feature","geometry":{"type":"Polygon","coordinates":[[[75.4777,28.9348],[75.4505,28.9624],[75.4575,28.9717],[75.4425,28.9927],[75.4236,28.9986],[75.4207,28.9848],[75.4039,28.967],[75.3998,28.9423],[75.3794,28.9374],[75.3731,28.9142],[75.3574,28.9105],[75.3337,28.9166],[75.3389,28.9382],[75.3589,28.9468],[75.3589,28.9644],[75.3204,28.9856],[75.2959,28.9786],[75.3128,28.9541],[75.3032,28.9478],[75.291,28.9234],[75.2756,28.9318],[75.2419,28.9276],[75.2485,28.8838],[75.2198,28.8574],[75.1907,28.8668],[75.1731,28.8452],[75.1596,28.8553],[75.1481,28.8723],[75.1014,28.8727],[75.0834,28.8621],[75.0511,28.8532],[75.0278,28.8503],[75.0304,28.8784],[75.046,28.8934],[75.0419,28.9285],[75.0374,28.9371],[75.0047,28.9283],[74.9989,28.9153],[74.9477,28.9057],[74.9364,28.8939],[74.9194,28.8978],[74.9133,28.9173],[74.8993,28.9354],[74.8623,28.9449],[74.8383,28.9351],[74.8114,28.9323],[74.7917,28.9213],[74.7727,28.8988],[74.7711,28.8784],[74.8007,28.8536],[74.8017,28.8341],[74.7708,28.8245],[74.7571,28.8285],[74.7545,28.8477],[74.7417,28.8549],[74.6945,28.8379],[74.6375,28.8368],[74.6334,28.8146],[74.6015,28.813],[74.5788,28.8289],[74.5436,28.8206],[74.5247,28.8274],[74.49,28.8202],[74.4655,28.822],[74.439,28.8318],[74.4195,28.885],[74.3812,28.8748],[74.3538,28.8479],[74.3238,28.8336],[74.278,28.8003],[74.2657,28.7974],[74.2395,28.8101],[74.1956,28.8089],[74.1713,28.7937],[74.1609,28.7772],[74.1625,28.764],[74.1465,28.7566],[74.1414,28.7378],[74.169,28.7375],[74.1944,28.7115],[74.1759,28.7075],[74.0997,28.6795],[74.0822,28.6692],[74.0828,28.6503],[74.0937,28.6194],[74.1084,28.5892],[74.0755,28.5428],[74.0606,28.5291],[74.0662,28.4975],[74.0602,28.4455],[74.0713,28.4291],[74.0676,28.4159],[74.0471,28.4137],[74.0315,28.3988],[74.0298,28.3762],[74.0378,28.3684],[74.0464,28.3456],[74.0649,28.3345],[74.0867,28.3373],[74.1116,28.3459],[74.1433,28.3435],[74.1524,28.3198],[74.1908,28.3276],[74.198,28.3255],[74.2069,28.302],[74.1995,28.2941],[74.2355,28.2505],[74.25,28.2469],[74.2821,28.2587],[74.3119,28.2531],[74.3249,28.2546],[74.3492,28.2278],[74.359,28.2095],[74.3558,28.1927],[74.3407,28.1638],[74.2988,28.1458],[74.2968,28.1175],[74.2808,28.0877],[74.2897,28.0774],[74.2975,28.0519],[74.2799,28.0268],[74.256,28.0134],[74.2421,27.9992],[74.2452,27.9754],[74.2354,27.9631],[74.2503,27.9458],[74.2521,27.9314],[74.2365,27.9055],[74.2253,27.8991],[74.2209,27.8749],[74.2277,27.8625],[74.2311,27.8314],[74.2276,27.8169],[74.1947,27.8072],[74.1698,27.7945],[74.1423,27.8015],[74.1207,27.7975],[74.0986,27.7819],[74.0645,27.7296],[74.0478,27.7222],[74.0351,27.7299],[74.0203,27.7214],[73.9982,27.7339],[74.0304,27.7706],[74.0036,27.7889],[73.9959,27.8044],[73.9594,27.8011],[73.932,27.7844],[73.9024,27.7895],[73.8848,27.7886],[73.8687,27.7785],[73.8694,27.7449],[73.8651,27.7327],[73.8754,27.716],[73.8768,27.6942],[73.8672,27.685],[73.874,27.6475],[73.8963,27.6023],[73.8759,27.58],[73.8852,27.5602],[73.8782,27.5394],[73.8917,27.5063],[73.9021,27.4963],[73.9508,27.5128],[73.9737,27.5059],[73.9877,27.5122],[74.0114,27.5136],[74.0107,27.5216],[74.0302,27.5349],[74.0527,27.5205],[74.0672,27.5059],[74.0821,27.479],[74.1071,27.4763],[74.12,27.4624],[74.1373,27.4606],[74.1498,27.4408],[74.1414,27.4283],[74.1541,27.4106],[74.1815,27.4228],[74.2047,27.4238],[74.2031,27.4547],[74.2065,27.4753],[74.193,27.4806],[74.206,27.5061],[74.2387,27.5264],[74.2407,27.538],[74.2575,27.5631],[74.2573,27.6023],[74.2759,27.6103],[74.2886,27.6282],[74.3132,27.6342],[74.3091,27.6482],[74.3335,27.658],[74.3345,27.6729],[74.3438,27.6794],[74.3719,27.6825],[74.4016,27.6979],[74.4097,27.6863],[74.4421,27.6916],[74.4557,27.6896],[74.4642,27.6789],[74.4916,27.6849],[74.4956,27.6656],[74.5256,27.6746],[74.5388,27.6635],[74.5595,27.6664],[74.5847,27.6893],[74.6109,27.7059],[74.6255,27.6922],[74.6068,27.6763],[74.6134,27.6614],[74.6283,27.6482],[74.6527,27.6535],[74.681,27.6672],[74.6907,27.6726],[74.731,27.676],[74.7487,27.6894],[74.7525,27.7168],[74.7273,27.7176],[74.7281,27.7338],[74.7413,27.7644],[74.7611,27.765],[74.7996,27.7849],[74.8173,27.7997],[74.7968,27.8369],[74.78,27.832],[74.7672,27.8541],[74.7407,27.8552],[74.7295,27.8671],[74.7434,27.8756],[74.7383,27.8891],[74.7841,27.899],[74.8009,27.8963],[74.8291,27.9105],[74.8309,27.9196],[74.8211,27.938],[74.7812,27.9556],[74.7613,27.9877],[74.7927,28.0061],[74.7964,28.028],[74.8034,28.0308],[74.8083,28.0583],[74.788,28.0778],[74.7895,28.1048],[74.8025,28.117],[74.8299,28.1147],[74.8681,28.1451],[74.8926,28.1919],[74.9178,28.1969],[74.9389,28.1946],[74.9481,28.1873],[74.9659,28.1947],[75.0077,28.2006],[75.0147,28.1925],[75.0296,28.1982],[75.0307,28.2128],[75.0494,28.226],[75.0444,28.2398],[75.0502,28.2531],[75.0777,28.2642],[75.101,28.266],[75.1248,28.2848],[75.1489,28.2916],[75.1461,28.304],[75.157,28.3121],[75.1519,28.3303],[75.1646,28.338],[75.1516,28.3794],[75.1296,28.3941],[75.1315,28.4016],[75.1584,28.4076],[75.1672,28.3791],[75.1925,28.3804],[75.2185,28.3904],[75.2238,28.4283],[75.2354,28.4355],[75.2347,28.4554],[75.2539,28.4597],[75.2795,28.4496],[75.2923,28.4256],[75.3158,28.4104],[75.3304,28.3957],[75.3351,28.3669],[75.3831,28.3379],[75.4069,28.3369],[75.4195,28.3415],[75.4185,28.3608],[75.4483,28.3632],[75.462,28.3381],[75.4782,28.341],[75.5018,28.3369],[75.5107,28.344],[75.5188,28.3696],[75.5602,28.3784],[75.5718,28.3778],[75.5737,28.4082],[75.6153,28.4062],[75.6058,28.4245],[75.5924,28.4342],[75.6048,28.446],[75.616,28.5055],[75.6392,28.5096],[75.6682,28.5088],[75.6723,28.5172],[75.6738,28.5296],[75.645,28.5439],[75.6374,28.5424],[75.6274,28.5851],[75.6177,28.6023],[75.5933,28.6029],[75.5854,28.6132],[75.5641,28.6111],[75.5574,28.6397],[75.548,28.6454],[75.5395,28.7295],[75.5247,28.7689],[75.5071,28.7844],[75.5125,28.7935],[75.522,28.8333],[75.5064,28.8529],[75.4967,28.8564],[75.4972,28.8951],[75.4759,28.9231],[75.4777,28.9348]]]},"properties":{"DISTRICT":"Churu","ST_NM":"Rajasthan","ST_CEN_CD":8,"DT_CEN_CD":4}},
{"type":"Feature","geometry":{"type":"Polygon","coordinates":[[[77.1399,11.3352],[77.1279,11.3635],[77.127,11.3771],[77.1121,11.377],[77.1089,11.4054],[77.0913,11.4017],[77.0901,11.3918],[77.069,11.3815],[77.0694,11.3986],[77.0485,11.4005],[77.0354,11.3911],[77.0257,11.3711],[77.0157,11.3673],[76.995,11.3732],[76.9741,11.3844],[76.9642,11.3827],[76.9087,11.3475],[76.8922,11.3646],[76.8512,11.3384],[76.8628,11.3058],[76.8559,11.2918],[76.8432,11.2863],[76.7995,11.2912],[76.7897,11.2769],[76.7733,11.2876],[76.7667,11.2831],[76.7686,11.2611],[76.7335,11.2445],[76.7131,11.2574],[76.7015,11.2549],[76.7068,11.239],[76.7365,11.2142],[76.7279,11.2061],[76.7312,11.1923],[76.7164,11.1874],[76.696,11.1654],[76.7067,11.1404],[76.7324,11.1303],[76.7451,11.1329],[76.7508,11.1177],[76.7444,11.1012],[76.756,11.0918],[76.7568,11.0787],[76.7448,11.0717],[76.7475,11.0553],[76.7615,11.0546],[76.7777,11.0401],[76.7675,11.0325],[76.7224,11.0402],[76.7007,11.0252],[76.6901,11.0071],[76.6881,10.9874],[76.6708,10.9681],[76.6577,10.9366],[76.6632,10.9276],[76.6951,10.9102],[76.711,10.9086],[76.7434,10.8888],[76.7599,10.8927],[76.7839,10.8896],[76.7962,10.8794],[76.8286,10.8698],[76.8564,10.8346],[76.8484,10.8236],[76.8714,10.8079],[76.8998,10.8081],[76.9091,10.779],[76.9047,10.7586],[76.8867,10.7149],[76.8667,10.6805],[76.8819,10.6723],[76.8845,10.6376],[76.8565,10.6344],[76.8166,10.6344],[76.8149,10.6221],[76.8271,10.5964],[76.8415,10.5931],[76.8373,10.5696],[76.8421,10.5611],[76.8364,10.5457],[76.8439,10.5373],[76.8323,10.4987],[76.8295,10.4465],[76.8195,10.423],[76.8349,10.4021],[76.8279,10.3946],[76.8517,10.3678],[76.8392,10.3383],[76.8322,10.3033],[76.8445,10.2919],[76.8634,10.291],[76.875,10.2752],[76.8974,10.2633],[76.9047,10.2513],[76.9052,10.2409],[76.9223,10.2315],[76.9408,10.2379],[76.9523,10.2295],[76.9719,10.2271],[76.984,10.2171],[76.9947,10.2284],[77.0319,10.2504],[77.0519,10.2567],[77.0594,10.2829],[77.0952,10.3084],[77.0839,10.3283],[77.0789,10.3808],[77.0545,10.4173],[77.0713,10.4625],[77.0649,10.4857],[77.082,10.5153],[77.0793,10.5464],[77.0808,10.5698],[77.1003,10.5819],[77.1219,10.5843],[77.1515,10.583],[77.1648,10.6047],[77.1742,10.6302],[77.1639,10.6476],[77.1438,10.6705],[77.1371,10.7055],[77.1384,10.7406],[77.1497,10.7662],[77.1532,10.7897],[77.1648,10.7997],[77.1838,10.7968],[77.2149,10.8027],[77.2088,10.7888],[77.2244,10.7781],[77.2407,10.7746],[77.2802,10.7873],[77.2774,10.8015],[77.2892,10.8124],[77.2888,10.8489],[77.2727,10.851],[77.254,10.862],[77.2526,10.8904],[77.2245,10.9054],[77.2041,10.9054],[77.1881,10.9214],[77.1751,10.9235],[77.1686,10.9412],[77.1612,10.977],[77.1535,10.9885],[77.1683,11.0095],[77.1745,11.0359],[77.1594,11.0548],[77.163,11.0654],[77.2129,11.0876],[77.2573,11.1122],[77.2327,11.1352],[77.2132,11.1246],[77.197,11.1408],[77.1822,11.1476],[77.1695,11.1438],[77.1692,11.1612],[77.1556,11.1624],[77.1579,11.1825],[77.142,11.2139],[77.1632,11.2497],[77.1582,11.26],[77.1647,11.2719],[77.1414,11.2807],[77.1186,11.2813],[77.1109,11.2917],[77.1189,11.3017],[77.144,11.3029],[77.1445,11.3341],[77.1399,11.3352]]]},"properties":{"DISTRICT":"Coimbatore","ST_NM":"Tamil Nadu","ST_CEN_CD":33,"DT_CEN_CD":31}},
{"type":"Feature","geometry":{"type":"Polygon","coordinates":[[[86.9171,24.5397],[86.8824,24.5683],[86.8606,24.5514],[86.8448,24.555],[86.8431,24.5692],[86.8243,24.5703],[86.8147,24.5647],[86.8118,24.5954],[86.7979,24.6162],[86.7601,24.6156],[86.7507,24.6037],[86.7517,24.5904],[86.7377,24.5767],[86.7247,24.5791],[86.6745,24.5615],[86.6519,24.5681],[86.6474,24.577],[86.6245,24.5853],[86.6131,24.5952],[86.6155,24.6082],[86.5901,24.5861],[86.5894,24.5736],[86.5609,24.5601],[86.5641,24.5493],[86.5529,24.5359],[86.5298,24.5366],[86.512,24.5186],[86.4965,24.4853],[86.4981,24.4402],[86.4948,24.426],[86.472,24.4228],[86.4733,24.3961],[86.468,24.3777],[86.4584,24.3696],[86.4627,24.3374],[86.4754,24.3279],[86.4789,24.3016],[86.4956,24.2842],[86.5069,24.2822],[86.5128,24.2639],[86.5123,24.2341],[86.5178,24.2229],[86.5046,24.1985],[86.5054,24.1832],[86.4893,24.1521],[86.5154,24.1477],[86.5279,24.1563],[86.5548,24.1541],[86.5757,24.1402],[86.5955,24.1439],[86.6576,24.1336],[86.6742,24.1345],[86.685,24.1464],[86.6949,24.169],[86.7067,24.162],[86.7102,24.1473],[86.6954,24.1424],[86.6926,24.1221],[86.7008,24.1113],[86.7126,24.1108],[86.7439,24.0995],[86.768,24.0715],[86.7882,24.0718],[86.798,24.0884],[86.8228,24.0777],[86.8333,24.0565],[86.882,24.0748],[86.9185,24.0539],[86.9435,24.0446],[86.9594,24.05],[86.9731,24.0626],[86.9766,24.0803],[86.9726,24.0997],[86.9795,24.1094],[86.964,24.1154],[86.9624,24.1289],[86.9341,24.1438],[86.9416,24.1706],[86.953,24.1695],[86.9637,24.1838],[86.9775,24.1864],[86.9727,24.2133],[86.9944,24.2175],[87.0375,24.2022],[87.0553,24.2044],[87.0501,24.2196],[87.0712,24.253],[87.0449,24.2622],[87.0344,24.2809],[87.0362,24.3103],[87.0254,24.3259],[86.988,24.3065],[86.9624,24.3172],[86.9636,24.3549],[86.9372,24.3595],[86.9256,24.3832],[86.9418,24.4195],[86.9242,24.4192],[86.904,24.4113],[86.8854,24.428],[86.887,24.4471],[86.9117,24.4896],[86.912,24.5217],[86.9171,24.5397]]]},"properties":{"DISTRICT":"Deoghar","ST_NM":"Jharkhand","ST_CEN_CD":20,"DT_CEN_CD":5}},
{"type":"Feature","geometry":{"type":"Polygon","coordinates":[[[86.4709,24.018],[86.4461,24.0303],[86.4239,24.03],[86.3988,24.0405],[86.3873,24.059],[86.3687,24.0507],[86.3493,24.0555],[86.3365,24.0427],[86.3225,24.0375],[86.3405,24.0187],[86.3282,24.0133],[86.3052,23.9904],[86.3051,23.9778],[86.2901,23.9459],[86.2798,23.9331],[86.259,23.9313],[86.2455,23.9421],[86.1979,23.9484],[86.1519,23.9349],[86.1372,23.9365],[86.1272,23.9024],[86.1191,23.894],[86.1209,23.8688],[86.1407,23.8606],[86.1383,23.8412],[86.147,23.8288],[86.1632,23.8293],[86.1622,23.8023],[86.1758,23.7751],[86.1863,23.7681],[86.1907,23.7477],[86.18,23.7223],[86.2139,23.7089],[86.2588,23.7079],[86.2995,23.7039],[86.3718,23.702],[86.3798,23.6843],[86.3974,23.6679],[86.4226,23.6587],[86.4267,23.6403],[86.4447,23.6217],[86.4507,23.6334],[86.4722,23.6315],[86.4871,23.637],[86.5344,23.6309],[86.571,23.6482],[86.5963,23.6642],[86.5973,23.6731],[86.6215,23.6736],[86.6545,23.6848],[86.7166,23.6991],[86.7373,23.6957],[86.7437,23.6796],[86.7641,23.6804],[86.7976,23.6893],[86.8012,23.6954],[86.7965,23.7004],[86.8101,23.7417],[86.8216,23.7467],[86.8223,23.778],[86.8033,23.7995],[86.8066,23.8151],[86.7985,23.8331],[86.7867,23.858],[86.7658,23.8785],[86.7488,23.8838],[86.734,23.8745],[86.7248,23.8841],[86.7195,23.9071],[86.7068,23.923],[86.69,23.9255],[86.6582,23.94],[86.6423,23.9518],[86.6002,23.9747],[86.5798,23.9991],[86.5422,24.0056],[86.5245,23.9991],[86.4968,24.0139],[86.4804,24.0112],[86.4709,24.018]]]},"properties":{"DISTRICT":"Dhanbad","ST_NM":"Jharkhand","ST_CEN_CD":20,"DT_CEN_CD":9}},
{"type":"Feature","geometry":{"type":"Polygon","coordinates":[[[90.4291,26.3599],[90.4166,26.3453],[90.4114,26.3405],[90.377,26.3192],[90.3767,26.294],[90.3565,26.2925],[90.3282,26.2781],[90.3177,26.2887],[90.3191,26.2994],[90.3432,26.3341],[90.3584,26.3494],[90.3438,26.3703],[90.3049,26.3427],[90.2825,26.3198],[90.2575,26.3347],[90.2407,26.3237],[90.2207,26.3316],[90.236,26.3618],[90.2287,26.3854],[90.209,26.3769],[90.2108,26.3624],[90.1912,26.3452],[90.1763,26.3423],[90.1566,26.3528],[90.1223,26.3391],[90.1092,26.3293],[90.1327,26.2932],[90.1482,26.2919],[90.15,26.2749],[90.1233,26.2611],[90.1212,26.2384],[90.1369,26.226],[90.1348,26.1963],[90.1125,26.1947],[90.0717,26.1727],[90.0578,26.1562],[90.0561,26.139],[90.0443,26.1309],[90.0217,26.1319],[90.0004,26.1426],[89.9771,26.1453],[89.9466,26.138],[89.9139,26.1341],[89.8842,26.1367],[89.8688,26.1528],[89.872,26.1686],[89.8622,26.1941],[89.8705,26.2086],[89.8612,26.2173],[89.8701,26.2325],[89.8574,26.2429],[89.8546,26.2589],[89.8713,26.2698],[89.8964,26.3249],[89.8929,26.3587],[89.8828,26.3726],[89.8683,26.3754],[89.8615,26.3798],[89.8601,26.3821],[89.86,26.382],[89.832,26.3666],[89.809,26.3623],[89.787,26.3532],[89.7858,26.3308],[89.7669,26.3171],[89.7473,26.2952],[89.7261,26.2882],[89.7424,26.2711],[89.7372,26.2603],[89.7223,26.2591],[89.7206,26.2464],[89.7337,26.2382],[89.7166,26.2278],[89.721,26.1913],[89.7051,26.1848],[89.7227,26.1656],[89.7531,26.1529],[89.7699,26.1319],[89.765,26.1125],[89.7875,26.1061],[89.7861,26.086],[89.8013,26.0731],[89.8012,26.0586],[89.7881,26.0532],[89.8215,26.0236],[89.8186,25.989],[89.8352,25.9863],[89.8434,26.0049],[89.8715,25.9761],[89.8474,25.9619],[89.8312,25.947],[89.8446,25.9405],[89.8795,25.9444],[89.8875,25.938],[89.874,25.9131],[89.8405,25.8778],[89.8362,25.8677],[89.8352,25.8377],[89.8188,25.8171],[89.831,25.8047],[89.8434,25.761],[89.8285,25.7421],[89.8298,25.7293],[89.8402,25.7147],[89.8565,25.7148],[89.848,25.6905],[89.8719,25.6541],[89.8832,25.6152],[89.8742,25.588],[89.8792,25.5762],[89.8701,25.5478],[89.8562,25.5375],[89.8632,25.523],[89.857,25.4992],[89.8561,25.4766],[89.8635,25.4757],[89.8794,25.4915],[89.8698,25.5244],[89.8707,25.5398],[89.8903,25.558],[89.93,25.5637],[89.9767,25.5747],[89.983,25.5909],[90.006,25.5843],[90.0223,25.6085],[90.0084,25.6239],[89.9872,25.6268],[89.9844,25.6377],[89.9509,25.6589],[89.9411,25.6867],[89.8984,25.7273],[89.8996,25.7442],[89.926,25.7393],[89.9594,25.7745],[89.9562,25.811],[89.9488,25.8245],[89.9777,25.8282],[90.0125,25.8469],[90.0255,25.8685],[90.0089,25.8787],[90.0254,25.8932],[90.0463,25.8907],[90.0675,25.9155],[90.0961,25.9287],[90.1151,25.9541],[90.1228,25.9612],[90.1613,25.9869],[90.1804,25.991],[90.1791,26.0134],[90.1929,26.025],[90.1887,26.0367],[90.1727,26.0477],[90.1793,26.0643],[90.1626,26.0739],[90.1658,26.0858],[90.185,26.107],[90.1968,26.1264],[90.2086,26.1236],[90.2233,26.1376],[90.2429,26.1395],[90.2485,26.148],[90.2516,26.1774],[90.2737,26.1861],[90.2917,26.1858],[90.3317,26.1737],[90.3793,26.1815],[90.3799,26.2214],[90.4071,26.224],[90.4299,26.2443],[90.4553,26.2521],[90.446,26.2645],[90.454,26.2722],[90.474,26.2724],[90.4668,26.288],[90.4829,26.2894],[90.4816,26.308],[90.4603,26.3377],[90.4356,26.354],[90.4291,26.3599]],[[89.8171,26.3458],[89.827,26.3251],[89.8226,26.32],[89.7937,26.3405],[89.8049,26.3494],[89.8171,26.3458]]]},"properties":{"DISTRICT":"Dhubri","ST_NM":"Assam","ST_CEN_CD":18,"DT_CEN_CD":2}},
{"type":"Feature","geometry":{"type":"Polygon","coordinates":[[[95.2776,27.6824],[95.2603,27.6586],[95.2262,27.6522],[95.1949,27.6668],[95.2027,27.6814],[95.2075,27.708],[95.1775,27.6953],[95.1228,27.6801],[95.1077,27.6622],[95.0846,27.6593],[95.0523,27.6622],[95.0423,27.6677],[95.0298,27.6584],[94.9855,27.6505],[94.9584,27.6276],[94.9493,27.6086],[94.9226,27.6004],[94.9077,27.5851],[94.8825,27.5735],[94.8727,27.5566],[94.8185,27.5148],[94.8216,27.5053],[94.7997,27.4903],[94.7797,27.4846],[94.7633,27.4708],[94.7467,27.4349],[94.7329,27.4412],[94.7232,27.4268],[94.7007,27.4226],[94.6891,27.4098],[94.688,27.3831],[94.6654,27.3762],[94.6665,27.349],[94.6451,27.3404],[94.6349,27.3202],[94.6224,27.3323],[94.6074,27.3249],[94.6154,27.3055],[94.5881,27.2664],[94.5885,27.2402],[94.58,27.2151],[94.5824,27.2098],[94.5807,27.1923],[94.5706,27.1785],[94.5958,27.1451],[94.6178,27.1759],[94.6247,27.2017],[94.6466,27.2465],[94.6865,27.2468],[94.6955,27.2681],[94.7219,27.2648],[94.7335,27.2737],[94.7535,27.269],[94.742,27.2488],[94.7639,27.2489],[94.7795,27.2386],[94.7716,27.2163],[94.7815,27.1907],[94.7779,27.1699],[94.7624,27.1492],[94.7658,27.1275],[94.8206,27.1141],[94.827,27.1],[94.843,27.0946],[94.8491,27.1081],[94.8875,27.1566],[94.9271,27.1897],[94.9585,27.2207],[94.9702,27.2287],[94.9761,27.1944],[94.9863,27.1697],[94.9813,27.1503],[95.0274,27.1438],[95.0411,27.1519],[95.0546,27.1512],[95.0623,27.1356],[95.0961,27.1359],[95.1279,27.1308],[95.1417,27.1367],[95.1627,27.131],[95.2015,27.1624],[95.2267,27.1662],[95.2406,27.1863],[95.2894,27.1968],[95.3141,27.1841],[95.3306,27.1869],[95.3458,27.1808],[95.3593,27.1676],[95.3692,27.1358],[95.3637,27.1238],[95.3716,27.1053],[95.4066,27.1122],[95.4205,27.1246],[95.4581,27.1294],[95.4661,27.1486],[95.469,27.1844],[95.4593,27.2035],[95.4698,27.2122],[95.4914,27.2426],[95.4738,27.2628],[95.4595,27.2474],[95.4471,27.2523],[95.4659,27.2713],[95.4517,27.2949],[95.4705,27.3061],[95.4643,27.3212],[95.4531,27.33],[95.4767,27.3424],[95.4742,27.3643],[95.4508,27.3689],[95.4412,27.3629],[95.42,27.3817],[95.3974,27.3913],[95.3786,27.3916],[95.3766,27.3805],[95.3513,27.3915],[95.3153,27.3912],[95.3019,27.4086],[95.2707,27.4055],[95.2523,27.4326],[95.2393,27.4345],[95.2218,27.4578],[95.2309,27.472],[95.2321,27.4961],[95.2642,27.5101],[95.2666,27.5362],[95.2852,27.5551],[95.3031,27.5833],[95.3228,27.5873],[95.3096,27.6173],[95.2921,27.6698],[95.2776,27.6824]]]},"properties":{"DISTRICT":"Dibrugarh","ST_NM":"Assam","ST_CEN_CD":18,"DT_CEN_CD":11}},
{"type":"Feature","geometry":{"type":"Polygon","coordinates":[[[77.3048,28.5768],[77.3172,28.5914],[77.3463,28.6034],[77.3472,28.6164],[77.3237,28.6377],[77.3281,28.6739],[77.3119,28.6703],[77.2854,28.6728],[77.2507,28.6624],[77.253,28.6537],[77.2604,28.6229],[77.2645,28.6075],[77.2767,28.5925],[77.3048,28.5768]]]},"properties":{"DISTRICT":"East","ST_NM":"Delhi  & NCR","ST_CEN_CD":7,"DT_CEN_CD":4}},
{"type":"Feature","geometry":{"type":"Polygon","coordinates":[[[95.3851,28.3104],[95.3564,28.2918],[95.3458,28.2669],[95.3455,28.2442],[95.3086,28.2235],[95.2993,28.1984],[95.2735,28.197],[95.2631,28.1781],[95.2393,28.1567],[95.2274,28.1517],[95.1959,28.1641],[95.1871,28.1738],[95.1859,28.1894],[95.1722,28.2001],[95.1408,28.2031],[95.1343,28.2165],[95.1425,28.2284],[95.11,28.263],[95.1209,28.3761],[95.1078,28.3784],[95.0859,28.3948],[95.0852,28.4147],[95.108,28.4439],[95.1142,28.4625],[95.1051,28.4831],[95.114,28.5004],[95.0876,28.5263],[95.0417,28.5151],[94.9923,28.5288],[94.9759,28.565],[94.9613,28.5725],[94.9431,28.5688],[94.9051,28.5484],[94.8815,28.552],[94.8613,28.5635],[94.8403,28.5688],[94.8231,28.5677],[94.8072,28.5514],[94.7772,28.535],[94.7622,28.5336],[94.7517,28.521],[94.7452,28.4979],[94.7556,28.4665],[94.7496,28.4575],[94.7669,28.4233],[94.779,28.4245],[94.8436,28.4149],[94.8733,28.413],[94.8823,28.4053],[94.8956,28.3455],[94.9234,28.2954],[94.9239,28.2722],[94.9392,28.2509],[94.9384,28.2441],[94.9093,28.2376],[94.894,28.227],[94.9176,28.1957],[94.9116,28.1585],[94.9204,28.1461],[94.9347,28.1444],[94.9524,28.1286],[94.9315,28.0963],[94.9034,28.0764],[94.9339,28.0475],[94.913,28.0346],[94.9052,28.02],[94.8899,28.0119],[94.8838,27.9999],[94.9036,27.9954],[94.925,27.9971],[94.9604,27.9805],[94.9569,27.9553],[94.9496,27.9488],[94.9444,27.923],[94.9302,27.9055],[94.9277,27.889],[94.909,27.88],[94.9124,27.8334],[94.8941,27.8096],[94.8991,27.8008],[94.8877,27.7842],[94.8765,27.7798],[94.8625,27.7571],[94.868,27.7416],[94.886,27.7381],[94.9321,27.7527],[94.989,27.7667],[94.9999,27.7724],[95.0211,27.7683],[95.0407,27.7735],[95.0538,27.786],[95.1968,27.8301],[95.2385,27.8439],[95.3184,27.8666],[95.3861,27.8373],[95.5177,27.8769],[95.5218,27.8859],[95.5182,27.9116],[95.5022,27.9458],[95.5102,27.9682],[95.5369,27.9898],[95.5507,28.0233],[95.5617,28.035],[95.571,28.0781],[95.5727,28.1309],[95.5631,28.1676],[95.5671,28.2546],[95.5389,28.2859],[95.5151,28.2737],[95.4893,28.2719],[95.469,28.2589],[95.4655,28.2739],[95.4532,28.2894],[95.4493,28.3042],[95.4385,28.3142],[95.414,28.3158],[95.3851,28.3104]]]},"properties":{"DISTRICT":"East Siang","ST_NM":"Arunanchal Pradesh","ST_CEN_CD":12,"DT_CEN_CD":7}},
{"type":"Feature","geometry":{"type":"Polygon","coordinates":[[[85.2048,25.0532],[85.2044,25.0533],[85.2026,25.0513],[85.1953,25.0504],[85.179,25.0504],[85.1756,25.0599],[85.1549,25.0676],[85.1516,25.0517],[85.1264,25.0508],[85.114,25.0208],[85.0912,24.9903],[85.0698,25.0026],[85.0499,25.0015],[85.0443,25.0329],[85.0298,25.032],[85.0164,25.0208],[84.9955,25.0177],[84.9842,25.0015],[84.9653,25.0043],[84.9573,24.9863],[84.9321,24.9916],[84.9286,25.0144],[84.9109,25.0358],[84.9232,25.0389],[84.9257,25.0572],[84.901,25.0645],[84.8762,25.0639],[84.8746,25.0632],[84.8676,25.0599],[84.8315,25.0643],[84.8152,25.0714],[84.8001,25.063],[84.7833,25.0648],[84.7688,25.0466],[84.7557,25.0544],[84.7442,25.0528],[84.7388,25.0546],[84.7386,25.0531],[84.735,25.0454],[84.7051,25.0461],[84.704,25.0378],[84.7231,25.025],[84.7272,25.0135],[84.7537,25.0142],[84.7455,24.9867],[84.73,24.9729],[84.7376,24.9592],[84.7118,24.957],[84.7188,24.9344],[84.7051,24.9039],[84.6824,24.9028],[84.6617,24.8858],[84.6461,24.8824],[84.642,24.8667],[84.6526,24.856],[84.6725,24.8501],[84.6751,24.8338],[84.6979,24.8269],[84.7035,24.8015],[84.7332,24.7952],[84.7255,24.7831],[84.7335,24.7669],[84.7267,24.7527],[84.7273,24.7295],[84.7229,24.7008],[84.7029,24.6983],[84.6989,24.6809],[84.6896,24.6781],[84.663,24.6828],[84.6459,24.6779],[84.6365,24.653],[84.6118,24.6604],[84.6038,24.6563],[84.5943,24.6156],[84.5971,24.5972],[84.5727,24.5777],[84.5781,24.5667],[84.5682,24.5449],[84.5467,24.5274],[84.5205,24.5262],[84.4896,24.514],[84.4686,24.5374],[84.45,24.5321],[84.446,24.5568],[84.4304,24.5723],[84.4237,24.5524],[84.401,24.5677],[84.3932,24.5607],[84.3881,24.5307],[84.3734,24.5274],[84.371,24.5101],[84.3293,24.4893],[84.3018,24.4803],[84.2928,24.4654],[84.3008,24.4504],[84.3226,24.4471],[84.3379,24.4308],[84.3334,24.4106],[84.3434,24.3955],[84.3689,24.3863],[84.3897,24.3894],[84.4024,24.3675],[84.43,24.3589],[84.4249,24.3312],[84.462,24.3385],[84.4694,24.3174],[84.49,24.3148],[84.486,24.3028],[84.5009,24.2869],[84.5248,24.3335],[84.5262,24.353],[84.5341,24.3609],[84.5289,24.3761],[84.5533,24.3735],[84.5732,24.3838],[84.5665,24.3969],[84.5799,24.4122],[84.6084,24.4008],[84.6267,24.4019],[84.6656,24.3936],[84.6752,24.4128],[84.6736,24.431],[84.6863,24.4562],[84.7139,24.4722],[84.7323,24.4728],[84.7494,24.4963],[84.7873,24.5047],[84.791,24.5176],[84.8268,24.5247],[84.84,24.5114],[84.8345,24.47],[84.8417,24.4525],[84.8548,24.4659],[84.8702,24.4576],[84.8875,24.4628],[84.8852,24.4227],[84.9054,24.3939],[84.9105,24.3724],[84.9326,24.3782],[84.9551,24.3719],[84.9758,24.3761],[84.9976,24.4123],[85.0179,24.4162],[85.0393,24.4255],[85.0605,24.4153],[85.0762,24.4358],[85.0817,24.4086],[85.0726,24.387],[85.0878,24.381],[85.0996,24.3817],[85.1058,24.3941],[85.1222,24.4092],[85.1551,24.4184],[85.1765,24.4297],[85.16,24.4643],[85.1976,24.4688],[85.2104,24.4731],[85.231,24.4714],[85.2465,24.489],[85.2615,24.4981],[85.289,24.4974],[85.2864,24.5193],[85.3044,24.5288],[85.3256,24.5248],[85.3773,24.5298],[85.3904,24.5354],[85.396,24.5448],[85.3668,24.5563],[85.3505,24.5522],[85.3184,24.5622],[85.3305,24.5774],[85.3169,24.5867],[85.3184,24.6037],[85.3038,24.6334],[85.3063,24.647],[85.296,24.6723],[85.3074,24.6765],[85.3269,24.6684],[85.3251,24.6926],[85.3327,24.7124],[85.3254,24.7296],[85.3059,24.7309],[85.2975,24.7496],[85.276,24.7466],[85.2788,24.782],[85.2918,24.7836],[85.3061,24.8017],[85.3075,24.8219],[85.3266,24.853],[85.3448,24.8668],[85.3364,24.8781],[85.3463,24.8873],[85.3686,24.8827],[85.3832,24.8983],[85.3819,24.9475],[85.3965,24.966],[85.3839,24.9817],[85.3655,24.9899],[85.3632,25.0188],[85.3511,25.0176],[85.3419,25.0069],[85.3293,25.0104],[85.3264,25.0244],[85.2634,25.0328],[85.2621,25.0117],[85.2424,25.0199],[85.2452,25.0309],[85.2356,25.055],[85.2109,25.0345],[85.2023,25.0337],[85.2033,25.0476],[85.2048,25.0532]]]},"properties":{"DISTRICT":"Gaya","ST_NM":"Bihar","ST_CEN_CD":10,"DT_CEN_CD":34}},
{"type":"Feature","geometry":{"type":"Polygon","coordinates":[[[83.5447,26.8804],[83.5289,26.8915],[83.5021,26.9181],[83.4784,26.9232],[83.4735,26.95],[83.447,26.9752],[83.4336,26.9801],[83.4035,26.9757],[83.3661,26.9787],[83.3619,26.9682],[83.3395,26.9693],[83.3314,26.981],[83.3436,26.9902],[83.3594,27.011],[83.3723,27.044],[83.4022,27.0722],[83.4036,27.0876],[83.3892,27.0899],[83.3781,27.0762],[83.3608,27.0801],[83.3415,27.0913],[83.3248,27.0668],[83.3228,27.0534],[83.3048,27.0474],[83.2846,27.0501],[83.285,27.0615],[83.264,27.0642],[83.2433,27.0728],[83.2287,27.0687],[83.2089,27.0708],[83.1965,27.0874],[83.1777,27.0875],[83.1633,27.1287],[83.1302,27.1414],[83.1475,27.1195],[83.1275,27.1017],[83.1415,27.0714],[83.1331,27.0466],[83.1515,27.0375],[83.1414,27.025],[83.143,27.0084],[83.1745,27.0019],[83.2069,27.017],[83.2135,27.0006],[83.2266,26.9868],[83.2157,26.97],[83.1963,26.9677],[83.2275,26.9368],[83.21,26.9254],[83.2196,26.9179],[83.2173,26.8842],[83.1576,26.8718],[83.1395,26.8897],[83.1351,26.8644],[83.1206,26.8342],[83.1148,26.8119],[83.1003,26.8078],[83.1132,26.7901],[83.1128,26.7665],[83.1445,26.7673],[83.1455,26.7461],[83.1339,26.7279],[83.1102,26.7234],[83.0901,26.7149],[83.0856,26.7005],[83.1005,26.6834],[83.1161,26.6808],[83.1024,26.6622],[83.1288,26.659],[83.1352,26.633],[83.116,26.621],[83.1099,26.6103],[83.1178,26.5995],[83.1373,26.595],[83.1398,26.5795],[83.1549,26.5422],[83.1778,26.527],[83.1909,26.5321],[83.1973,26.5167],[83.1966,26.4976],[83.19,26.4889],[83.1687,26.506],[83.1415,26.495],[83.0968,26.4838],[83.0863,26.4683],[83.098,26.4541],[83.0961,26.4251],[83.0708,26.4078],[83.0836,26.3931],[83.1218,26.3904],[83.135,26.3848],[83.1634,26.3966],[83.2312,26.3931],[83.2523,26.3823],[83.2883,26.3583],[83.3272,26.345],[83.3373,26.35],[83.4013,26.2962],[83.4011,26.2841],[83.4184,26.274],[83.4408,26.2707],[83.4778,26.2808],[83.508,26.2771],[83.5344,26.2771],[83.572,26.252],[83.6065,26.2455],[83.6093,26.2323],[83.6289,26.2178],[83.6347,26.223],[83.6438,26.2748],[83.6711,26.2887],[83.67,26.3091],[83.6583,26.319],[83.6313,26.2999],[83.6213,26.2994],[83.6254,26.3224],[83.6029,26.3505],[83.5903,26.3576],[83.5795,26.3729],[83.5868,26.3895],[83.5665,26.3926],[83.5483,26.354],[83.5398,26.3575],[83.5244,26.4002],[83.488,26.4021],[83.5107,26.416],[83.4987,26.4223],[83.4986,26.4345],[83.4817,26.4571],[83.494,26.466],[83.4892,26.4762],[83.5005,26.4942],[83.5308,26.4936],[83.5548,26.5098],[83.602,26.5146],[83.6166,26.5681],[83.6303,26.5741],[83.6302,26.5938],[83.6215,26.6005],[83.6199,26.616],[83.6343,26.6224],[83.6317,26.657],[83.6194,26.7034],[83.6238,26.7258],[83.6119,26.7349],[83.6203,26.7531],[83.5928,26.7697],[83.5949,26.7894],[83.5789,26.8145],[83.5617,26.8254],[83.5604,26.8359],[83.5284,26.8541],[83.5399,26.8638],[83.5447,26.8804]]]},"properties":{"DISTRICT":"Gorakhpur","ST_NM":"Uttar Pradesh","ST_CEN_CD":9,"DT_CEN_CD":57}},
{"type":"Feature","geometry":{"type":"MultiPolygon","coordinates":[[[[78.6292,26.1568],[78.623,26.1722],[78.6256,26.2043],[78.6127,26.1994],[78.5837,26.2146],[78.5719,26.2087],[78.5657,26.192],[78.5466,26.1918],[78.5394,26.2157],[78.5193,26.2277],[78.5182,26.2386],[78.5044,26.2464],[78.4944,26.2643],[78.462,26.2568],[78.4402,26.2642],[78.4393,26.2786],[78.4158,26.2967],[78.4204,26.3299],[78.3725,26.3394],[78.3564,26.3366],[78.332,26.347],[78.3158,26.3434],[78.285,26.3464],[78.2643,26.3377],[78.2556,26.328],[78.2619,26.3168],[78.2291,26.3048],[78.2081,26.3049],[78.201,26.3163],[78.1589,26.3301],[78.1539,26.3398],[78.1219,26.339],[78.1127,26.3272],[78.0749,26.3298],[78.068,26.3154],[78.0273,26.3118],[78.0026,26.3215],[78.0034,26.2842],[77.9918,26.2711],[77.9943,26.2574],[77.9851,26.2518],[77.9594,26.2597],[77.9459,26.2527],[77.9116,26.2532],[77.9026,26.2481],[77.9013,26.2328],[77.8734,26.2309],[77.8634,26.2145],[77.8369,26.2302],[77.8439,26.2518],[77.815,26.2553],[77.7971,26.2284],[77.7812,26.2213],[77.7725,26.2017],[77.7709,26.1838],[77.7441,26.1634],[77.7475,26.1464],[77.7419,26.1285],[77.7495,26.1157],[77.772,26.1162],[77.7612,26.086],[77.7668,26.0815],[77.7743,26.051],[77.7607,26.0404],[77.7297,26.0497],[77.7043,26.011],[77.6722,25.9795],[77.6684,25.9651],[77.6769,25.9161],[77.6928,25.908],[77.6976,25.8883],[77.7127,25.8787],[77.7455,25.8822],[77.7461,25.8629],[77.7611,25.8521],[77.7827,25.8557],[77.7938,25.8404],[77.7978,25.8243],[77.8175,25.8153],[77.8553,25.8124],[77.8676,25.8036],[77.8744,25.7782],[77.8757,25.7401],[77.8838,25.7375],[77.9181,25.7534],[77.9577,25.7486],[77.9808,25.7618],[78.0002,25.7653],[77.9958,25.7404],[78.0286,25.719],[78.0584,25.7109],[78.0772,25.7171],[78.0998,25.7164],[78.1397,25.7231],[78.1613,25.7195],[78.1774,25.7382],[78.2141,25.7386],[78.2342,25.7581],[78.2452,25.7602],[78.2671,25.7808],[78.2809,25.781],[78.3219,25.794],[78.318,25.8174],[78.341,25.8339],[78.3902,25.8354],[78.3881,25.85],[78.4135,25.8702],[78.4669,25.9044],[78.4878,25.9629],[78.5235,25.9673],[78.5413,25.9747],[78.5829,26.0052],[78.6082,26.0474],[78.6331,26.0516],[78.6467,26.062],[78.6354,26.0715],[78.6415,26.0837],[78.6081,26.0991],[78.6103,26.1236],[78.6163,26.1312],[78.6398,26.1286],[78.6292,26.1568]]],[[[78.7748,26.0155],[78.7483,26.0104],[78.7404,26.0378],[78.7248,26.0298],[78.7216,26.0179],[78.7429,26.006],[78.7247,25.9641],[78.7271,25.9445],[78.7152,25.9358],[78.7113,25.9228],[78.6917,25.9165],[78.67,25.9284],[78.6584,25.9153],[78.6276,25.8997],[78.6241,25.8868],[78.6312,25.8673],[78.6242,25.8505],[78.6265,25.828],[78.6442,25.8213],[78.6587,25.8239],[78.6581,25.838],[78.6704,25.84],[78.6856,25.8243],[78.6627,25.8084],[78.6637,25.7926],[78.6794,25.7948],[78.688,25.7827],[78.679,25.7618],[78.6846,25.7493],[78.6992,25.7494],[78.7161,25.7333],[78.7065,25.7224],[78.7124,25.7089],[78.712,25.6816],[78.7034,25.6651],[78.6878,25.6519],[78.6796,25.6359],[78.6926,25.6261],[78.6897,25.6044],[78.666,25.6301],[78.6563,25.6264],[78.6561,25.6089],[78.6428,25.5816],[78.6287,25.5769],[78.6362,25.5637],[78.656,25.5604],[78.6844,25.5888],[78.7186,25.6013],[78.7403,25.5978],[78.7735,25.6079],[78.8021,25.6123],[78.8128,25.6193],[78.8188,25.6402],[78.8189,25.6692],[78.8034,25.6908],[78.7989,25.7052],[78.7684,25.7155],[78.7534,25.7327],[78.7544,25.7437],[78.7835,25.7562],[78.7876,25.7698],[78.8073,25.794],[78.8282,25.794],[78.8236,25.8258],[78.8488,25.8153],[78.8491,25.7998],[78.8637,25.7891],[78.8711,25.7967],[78.8735,25.829],[78.8518,25.8399],[78.8544,25.8551],[78.8657,25.8666],[78.8916,25.8711],[78.8951,25.8936],[78.8843,25.9102],[78.8631,25.9072],[78.8406,25.9424],[78.8259,25.9469],[78.8178,25.9388],[78.8038,25.9447],[78.7996,25.9555],[78.7832,25.9647],[78.7861,25.9856],[78.7748,26.0155]]]]},"properties":{"DISTRICT":"Gwalior","ST_NM":"Madhya Pradesh","ST_CEN_CD":23,"DT_CEN_CD":4}},
{"type":"Feature","geometry":{"type":"Polygon","coordinates":[[[78.5116,17.4543],[78.4912,17.4759],[78.4788,17.4731],[78.4635,17.446],[78.4488,17.4276],[78.4445,17.4054],[78.4272,17.4287],[78.4115,17.4333],[78.3925,17.4122],[78.3912,17.3886],[78.4012,17.3566],[78.4113,17.3487],[78.4405,17.3446],[78.4504,17.324],[78.4718,17.3037],[78.4824,17.3035],[78.5153,17.3297],[78.5154,17.3501],[78.5294,17.3707],[78.5217,17.39],[78.5271,17.4211],[78.5367,17.4399],[78.5402,17.4627],[78.5116,17.4543]]]},"properties":{"DISTRICT":"Hyderabad","ST_NM":"Andhra Pradesh","ST_CEN_CD":28,"DT_CEN_CD":5}},
{"type":"Feature","geometry":{"type":"Polygon","coordinates":[[[75.9005,23.0003],[75.8738,23.0382],[75.8483,23.032],[75.8128,23.0409],[75.8073,23.0362],[75.7683,23.029],[75.7619,23.0367],[75.7377,23.0352],[75.7308,23.0165],[75.7119,23.0212],[75.6845,23.0218],[75.6738,23.0178],[75.65,23.0253],[75.6346,23.0206],[75.6196,23.0579],[75.6288,23.0701],[75.6289,23.0838],[75.6087,23.09],[75.5675,23.0861],[75.5667,23.065],[75.5517,23.0638],[75.543,23.0475],[75.5094,23.0202],[75.5078,23.0052],[75.4795,23.002],[75.4804,22.9677],[75.464,22.9639],[75.4557,22.9416],[75.4769,22.9399],[75.4763,22.9269],[75.4623,22.9258],[75.4563,22.9155],[75.4403,22.9075],[75.4378,22.8695],[75.4438,22.8618],[75.4233,22.8276],[75.4252,22.8095],[75.4411,22.7946],[75.4373,22.7733],[75.4638,22.7673],[75.4811,22.7695],[75.4887,22.7618],[75.4792,22.7339],[75.509,22.731],[75.5155,22.707],[75.5086,22.6946],[75.5202,22.6643],[75.4989,22.6584],[75.5078,22.6441],[75.519,22.6584],[75.5272,22.6319],[75.5636,22.6367],[75.5681,22.6553],[75.586,22.6585],[75.596,22.6513],[75.6044,22.6332],[75.6217,22.6305],[75.661,22.6358],[75.6773,22.6351],[75.6946,22.6271],[75.7047,22.6334],[75.7034,22.6461],[75.6808,22.6462],[75.6839,22.6572],[75.7063,22.6615],[75.7145,22.6192],[75.7,22.6097],[75.6787,22.5807],[75.6321,22.5597],[75.6135,22.5594],[75.5967,22.5673],[75.5929,22.5559],[75.6,22.5411],[75.5984,22.5233],[75.5717,22.5123],[75.5599,22.5154],[75.5544,22.4946],[75.564,22.4878],[75.5719,22.4532],[75.5625,22.4228],[75.5453,22.4104],[75.5591,22.3749],[75.5736,22.3768],[75.5947,22.3615],[75.6065,22.3629],[75.6106,22.3454],[75.621,22.3399],[75.6775,22.3459],[75.6947,22.3593],[75.7209,22.3691],[75.7503,22.3609],[75.7728,22.3669],[75.8133,22.3873],[75.8239,22.4025],[75.8383,22.4026],[75.856,22.3806],[75.8782,22.3801],[75.8899,22.3876],[75.9116,22.3908],[75.909,22.4106],[75.9172,22.4213],[75.9543,22.4336],[75.9751,22.4373],[76.0102,22.4199],[76.0163,22.4398],[76.0338,22.4378],[76.0386,22.4498],[76.0587,22.4615],[76.0552,22.4778],[76.0403,22.4829],[76.0284,22.4959],[76.0331,22.5074],[76.0312,22.5288],[76.0625,22.5323],[76.0794,22.5256],[76.087,22.5474],[76.1046,22.5621],[76.0883,22.5653],[76.0732,22.5781],[76.0897,22.5873],[76.1414,22.6029],[76.1627,22.6225],[76.1834,22.6171],[76.2,22.625],[76.2306,22.6171],[76.2456,22.6435],[76.2281,22.6523],[76.2323,22.6666],[76.2125,22.6624],[76.1908,22.6898],[76.1731,22.694],[76.1593,22.6886],[76.1313,22.6998],[76.1035,22.7012],[76.0887,22.7301],[76.0862,22.746],[76.0773,22.7572],[76.0586,22.7994],[76.0491,22.8065],[76.0367,22.8277],[76.0329,22.8441],[76.0044,22.8599],[75.9854,22.8865],[75.9795,22.9218],[75.9674,22.9427],[75.9563,22.9465],[75.9236,22.9804],[75.9024,22.9919],[75.9005,23.0003]]]},"properties":{"DISTRICT":"Indore","ST_NM":"Madhya Pradesh","ST_CEN_CD":23,"DT_CEN_CD":22}},
{"type":"Feature","geometry":{"type":"Polygon","coordinates":[[[80.5443,23.393],[80.5077,23.3879],[80.4861,23.3776],[80.4666,23.3527],[80.4343,23.342],[80.4036,23.3423],[80.3757,23.3242],[80.3687,23.3066],[80.358,23.3066],[80.3241,23.321],[80.3096,23.34],[80.3037,23.3667],[80.3118,23.3954],[80.3092,23.4158],[80.2917,23.4222],[80.2676,23.4512],[80.2759,23.4783],[80.2434,23.493],[80.2314,23.4918],[80.2097,23.4804],[80.1979,23.4977],[80.1998,23.5238],[80.2119,23.5342],[80.2345,23.5356],[80.2426,23.5465],[80.2349,23.5638],[80.2066,23.5829],[80.1946,23.5809],[80.1784,23.5667],[80.1569,23.5731],[80.136,23.5885],[80.1133,23.5792],[80.0963,23.5882],[80.0474,23.5656],[79.9742,23.5682],[79.968,23.577],[79.9863,23.6011],[79.9784,23.611],[79.9557,23.5933],[79.9306,23.6045],[79.921,23.5847],[79.906,23.5818],[79.8788,23.5493],[79.8722,23.5324],[79.8507,23.5052],[79.8285,23.5122],[79.8116,23.4988],[79.8151,23.4873],[79.8018,23.465],[79.7604,23.4323],[79.7377,23.424],[79.717,23.3881],[79.7044,23.3856],[79.6951,23.3559],[79.6729,23.335],[79.6604,23.3315],[79.565,23.2779],[79.5397,23.261],[79.5117,23.2649],[79.4916,23.2571],[79.4848,23.2459],[79.4422,23.2132],[79.4255,23.1922],[79.3913,23.1763],[79.372,23.1642],[79.3719,23.1533],[79.3567,23.1404],[79.3514,23.1052],[79.3803,23.1104],[79.4075,23.0982],[79.4382,23.1055],[79.4604,23.096],[79.4836,23.1194],[79.5113,23.1394],[79.5478,23.1369],[79.577,23.1275],[79.5867,23.1089],[79.6132,23.1042],[79.6038,23.0887],[79.6077,23.0638],[79.596,23.0438],[79.5995,23.0322],[79.5937,23.019],[79.6393,22.9775],[79.624,22.9652],[79.623,22.9547],[79.6517,22.9255],[79.7228,22.9204],[79.7506,22.9136],[79.7449,22.8999],[79.7766,22.8785],[79.7604,22.8569],[79.7675,22.8434],[79.7817,22.8449],[79.7995,22.861],[79.8191,22.8656],[79.8172,22.8521],[79.8378,22.8311],[79.8492,22.8305],[79.869,22.8543],[79.8818,22.8517],[79.9001,22.8628],[79.9084,22.8455],[79.9275,22.8561],[79.9486,22.8585],[79.964,22.8526],[79.966,22.8716],[79.9747,22.8855],[79.9697,22.8935],[79.9725,22.9198],[79.9549,22.9369],[79.9592,22.9529],[80.0088,22.9826],[79.9928,22.9932],[80.0056,23.0043],[79.9956,23.0258],[80.0344,23.0359],[80.048,23.0493],[80.0854,23.0757],[80.1084,23.0757],[80.1112,23.0531],[80.1309,23.0576],[80.1408,23.0469],[80.165,23.0469],[80.1761,23.0265],[80.1917,23.0343],[80.1817,23.0593],[80.2031,23.0683],[80.2017,23.0853],[80.1904,23.0906],[80.1803,23.1155],[80.188,23.1284],[80.2066,23.1287],[80.2405,23.1408],[80.2464,23.1476],[80.2774,23.1464],[80.2744,23.129],[80.2899,23.1105],[80.3098,23.0966],[80.3349,23.1056],[80.3381,23.1166],[80.3531,23.125],[80.3569,23.1368],[80.3886,23.1449],[80.4004,23.1722],[80.414,23.1708],[80.4237,23.1445],[80.4307,23.1397],[80.4589,23.1438],[80.46,23.1298],[80.4888,23.1173],[80.4925,23.108],[80.5113,23.1071],[80.5109,23.0799],[80.5278,23.0795],[80.5292,23.0823],[80.528,23.1056],[80.5488,23.1085],[80.5591,23.1217],[80.5805,23.1311],[80.5753,23.1437],[80.5584,23.1511],[80.5523,23.1675],[80.5229,23.1567],[80.5032,23.1839],[80.481,23.1948],[80.4998,23.2036],[80.5185,23.2356],[80.5236,23.257],[80.5398,23.2613],[80.5487,23.271],[80.5687,23.2711],[80.5842,23.2877],[80.5823,23.3143],[80.5714,23.3151],[80.5741,23.3517],[80.5438,23.3549],[80.5419,23.364],[80.5577,23.3774],[80.5443,23.393]]]},"properties":{"DISTRICT":"Jabalpur","ST_NM":"Madhya Pradesh","ST_CEN_CD":23,"DT_CEN_CD":34}},
{"type":"Feature","geometry":{"type":"Polygon","coordinates":[[[76.2311,27.8363],[76.2155,27.8238],[76.2019,27.8266],[76.1806,27.8028],[76.1504,27.8233],[76.1355,27.8286],[76.1299,27.8499],[76.0958,27.8639],[76.0878,27.8466],[76.0975,27.8303],[76.0933,27.8128],[76.0811,27.8019],[76.067,27.7709],[76.0568,27.772],[76.0418,27.7515],[76.0348,27.7315],[76.0009,27.7148],[75.9913,27.7032],[75.9795,27.6556],[75.9563,27.6383],[75.9644,27.6243],[75.9421,27.6217],[75.9466,27.6021],[75.96,27.5918],[75.9462,27.5753],[75.9529,27.5649],[75.9491,27.5301],[75.9392,27.4969],[75.9695,27.5031],[75.9857,27.4907],[75.9856,27.4779],[75.9543,27.4761],[75.9197,27.455],[75.8955,27.4566],[75.885,27.447],[75.8707,27.4165],[75.8837,27.3985],[75.8666,27.3881],[75.8459,27.4005],[75.8305,27.3896],[75.8112,27.405],[75.794,27.3808],[75.7778,27.3846],[75.7742,27.4023],[75.7397,27.4042],[75.725,27.3692],[75.6923,27.372],[75.6654,27.3658],[75.6603,27.338],[75.6286,27.3404],[75.6139,27.3147],[75.5799,27.3063],[75.5728,27.3418],[75.5309,27.3439],[75.5092,27.3295],[75.5071,27.3145],[75.4767,27.2892],[75.4573,27.2889],[75.4532,27.2972],[75.4322,27.301],[75.4298,27.2876],[75.4089,27.292],[75.3951,27.2825],[75.3895,27.2539],[75.3919,27.2304],[75.358,27.2254],[75.3471,27.2125],[75.3288,27.2139],[75.3172,27.1938],[75.3162,27.1591],[75.3184,27.1468],[75.3414,27.1399],[75.341,27.1177],[75.3496,27.109],[75.3664,27.1101],[75.3684,27.0876],[75.3508,27.0859],[75.3401,27.0935],[75.3106,27.0895],[75.2905,27.0913],[75.2505,27.0884],[75.2211,27.0828],[75.2231,27.0553],[75.2414,27.0504],[75.2593,27.0341],[75.2431,27.0164],[75.2244,27.0162],[75.2044,27.007],[75.204,26.9736],[75.1598,26.9698],[75.1658,26.9616],[75.1656,26.9328],[75.1205,26.9317],[75.103,26.9363],[75.0417,26.9408],[75.0136,26.9452],[75.0144,26.8949],[74.9929,26.8883],[74.9768,26.8903],[74.9571,26.8676],[74.9565,26.8468],[74.9167,26.8369],[74.9345,26.7931],[74.9407,26.7497],[74.9819,26.7619],[75.0051,26.7493],[75,26.7306],[74.9455,26.7323],[74.9444,26.721],[74.9647,26.7221],[74.9655,26.6834],[74.9743,26.6729],[75,26.6864],[75.0128,26.6839],[75.0214,26.6652],[75.0677,26.6505],[75.0682,26.6122],[75.0818,26.6098],[75.0809,26.5865],[75.0719,26.5822],[75.0622,26.5558],[75.0713,26.544],[75.1043,26.5559],[75.1236,26.5468],[75.1159,26.5235],[75.1408,26.5039],[75.1529,26.5001],[75.1451,26.4738],[75.17,26.462],[75.1876,26.484],[75.2056,26.5156],[75.2372,26.5211],[75.2546,26.5301],[75.2554,26.5415],[75.2868,26.5639],[75.2959,26.5586],[75.331,26.5581],[75.3522,26.5015],[75.3725,26.4861],[75.3903,26.4819],[75.4371,26.4814],[75.4527,26.4931],[75.4863,26.4808],[75.5061,26.479],[75.5272,26.4631],[75.5529,26.4862],[75.576,26.4729],[75.574,26.4461],[75.5893,26.4475],[75.6173,26.4394],[75.6435,26.4424],[75.6545,26.4535],[75.6528,26.4637],[75.7124,26.4448],[75.7297,26.4654],[75.7386,26.4492],[75.7483,26.4527],[75.7493,26.4688],[75.7709,26.4669],[75.7719,26.4919],[75.761,26.5121],[75.7842,26.5257],[75.7741,26.5433],[75.7984,26.5498],[75.8068,26.54],[75.8,26.5306],[75.8171,26.518],[75.836,26.5104],[75.8555,26.5184],[75.8848,26.5192],[75.8884,26.5122],[75.9342,26.5052],[75.937,26.4936],[75.9631,26.483],[75.9742,26.5022],[76.0088,26.4919],[76.0162,26.5034],[76.0431,26.5106],[76.0724,26.5074],[76.0846,26.5232],[76.0988,26.5235],[76.113,26.5353],[76.1514,26.5254],[76.1606,26.5147],[76.1534,26.5674],[76.1736,26.6195],[76.1835,26.636],[76.183,26.6504],[76.1707,26.6785],[76.1753,26.7137],[76.1737,26.7549],[76.1923,26.8007],[76.2493,26.8422],[76.254,26.8878],[76.2335,26.9097],[76.233,26.9285],[76.2514,26.9577],[76.2512,26.9901],[76.2548,27.0087],[76.2722,27.038],[76.2824,27.0814],[76.2884,27.0871],[76.2931,27.1293],[76.2904,27.1537],[76.2809,27.1798],[76.258,27.1765],[76.2447,27.1506],[76.2249,27.1411],[76.213,27.1253],[76.1945,27.1213],[76.1848,27.1321],[76.1902,27.1436],[76.1851,27.1846],[76.1588,27.1846],[76.1631,27.2155],[76.149,27.221],[76.1247,27.2381],[76.1274,27.2512],[76.1401,27.2622],[76.1521,27.2828],[76.1598,27.3133],[76.1764,27.3125],[76.1816,27.3297],[76.2054,27.3645],[76.2192,27.3934],[76.23,27.4008],[76.234,27.4176],[76.2286,27.4378],[76.2347,27.463],[76.2471,27.4884],[76.2478,27.5033],[76.2403,27.5252],[76.2161,27.5369],[76.2173,27.5528],[76.2026,27.622],[76.2192,27.6284],[76.2468,27.6267],[76.2544,27.6538],[76.2444,27.6716],[76.2479,27.686],[76.2597,27.7],[76.2553,27.7283],[76.2468,27.7439],[76.2462,27.7613],[76.2609,27.7661],[76.276,27.7884],[76.2776,27.8027],[76.265,27.8218],[76.2679,27.8348],[76.2441,27.8502],[76.2311,27.8363]]]},"properties":{"DISTRICT":"Jaipur","ST_NM":"Rajasthan","ST_CEN_CD":8,"DT_CEN_CD":12}},
{"type":"Feature","geometry":{"type":"Polygon","coordinates":[[[75.7884,31.37],[75.784,31.3838],[75.8055,31.3923],[75.823,31.4057],[75.8189,31.4287],[75.7901,31.4502],[75.7787,31.4729],[75.7601,31.476],[75.7364,31.4976],[75.7306,31.5178],[75.7174,31.5221],[75.7006,31.5389],[75.7062,31.5468],[75.6842,31.5733],[75.6821,31.5924],[75.671,31.6075],[75.6508,31.6063],[75.6339,31.6142],[75.6236,31.6047],[75.6094,31.6109],[75.595,31.6048],[75.6,31.5668],[75.5861,31.5721],[75.5825,31.5533],[75.5615,31.5479],[75.5468,31.5566],[75.535,31.5517],[75.5501,31.5351],[75.522,31.5313],[75.527,31.4796],[75.5203,31.4732],[75.5028,31.4844],[75.4965,31.4959],[75.4613,31.5048],[75.4458,31.4912],[75.4707,31.4561],[75.4633,31.4372],[75.4526,31.4379],[75.4415,31.4178],[75.4562,31.4092],[75.4522,31.3887],[75.4758,31.3873],[75.4913,31.4019],[75.5141,31.3902],[75.5107,31.3775],[75.476,31.3743],[75.4824,31.3662],[75.5027,31.3676],[75.4997,31.3457],[75.4896,31.3231],[75.4509,31.3151],[75.4606,31.3028],[75.4556,31.285],[75.4913,31.2712],[75.4622,31.2381],[75.4468,31.2428],[75.4261,31.2289],[75.4215,31.242],[75.3922,31.2459],[75.3838,31.2336],[75.3635,31.2365],[75.3464,31.2324],[75.3237,31.2092],[75.3026,31.2067],[75.2993,31.194],[75.2727,31.1787],[75.2763,31.1598],[75.2702,31.1484],[75.2293,31.1554],[75.2258,31.1743],[75.2127,31.1855],[75.1953,31.182],[75.188,31.167],[75.1778,31.1647],[75.1304,31.1693],[75.1049,31.1508],[75.0812,31.1527],[75.0741,31.1444],[75.073,31.1273],[75.108,31.1165],[75.1049,31.1049],[75.1132,31.0921],[75.1171,31.0927],[75.154,31.082],[75.1717,31.0872],[75.202,31.0714],[75.2295,31.0657],[75.2411,31.0461],[75.283,31.0422],[75.2951,31.0341],[75.2973,31.0146],[75.3069,31.0007],[75.3554,30.9889],[75.3908,30.9858],[75.4097,30.9795],[75.4212,30.9866],[75.4753,30.9769],[75.4944,30.9706],[75.5103,30.974],[75.5391,30.9728],[75.5745,30.9778],[75.5962,30.9692],[75.6439,30.9813],[75.6741,30.9857],[75.7071,30.999],[75.7307,31.0043],[75.738,31.0113],[75.7599,31.015],[75.7854,30.9973],[75.8066,30.9946],[75.8458,31.0104],[75.8985,31.0069],[75.9174,31.0192],[75.9421,31.0081],[75.9536,31.0119],[75.9425,31.0537],[75.9312,31.068],[75.9277,31.0936],[75.9123,31.0979],[75.9123,31.1103],[75.9005,31.1321],[75.8987,31.1474],[75.8842,31.1516],[75.853,31.1817],[75.8277,31.1853],[75.7879,31.1986],[75.7765,31.183],[75.779,31.1656],[75.7381,31.1633],[75.7068,31.1663],[75.6966,31.1764],[75.6976,31.1885],[75.6874,31.1971],[75.6922,31.2122],[75.7097,31.2159],[75.7056,31.2403],[75.6835,31.2323],[75.6714,31.2406],[75.6806,31.2662],[75.676,31.2852],[75.697,31.2994],[75.6861,31.3072],[75.6863,31.3194],[75.7202,31.316],[75.723,31.3225],[75.7008,31.3474],[75.7287,31.3438],[75.7387,31.3296],[75.7595,31.3304],[75.7629,31.3468],[75.7877,31.3632],[75.7884,31.37]]]},"properties":{"DISTRICT":"Jalandhar","ST_NM":"Punjab","ST_CEN_CD":3,"DT_CEN_CD":3}},
{"type":"Feature","geometry":{"type":"Polygon","coordinates":[[[75.6189,21.3909],[75.5905,21.3895],[75.5805,21.3776],[75.5545,21.3752],[75.5473,21.3702],[75.5237,21.3849],[75.4674,21.392],[75.4081,21.3877],[75.4026,21.3816],[75.3832,21.3834],[75.3601,21.401],[75.3524,21.3913],[75.3195,21.3902],[75.3017,21.393],[75.3004,21.4126],[75.2524,21.404],[75.2306,21.4144],[75.2182,21.4087],[75.2057,21.4137],[75.193,21.4125],[75.1724,21.4013],[75.1611,21.4028],[75.1521,21.3884],[75.1416,21.3842],[75.1361,21.3656],[75.1491,21.3542],[75.1287,21.3502],[75.1256,21.3393],[75.1448,21.3318],[75.1368,21.3167],[75.1396,21.2938],[75.1288,21.2815],[75.1303,21.2699],[75.1191,21.2617],[75.1044,21.236],[75.0645,21.2236],[75.0419,21.2112],[75.0329,21.1921],[74.9902,21.1951],[74.9737,21.2209],[74.9529,21.2213],[74.9634,21.1918],[74.9282,21.1656],[74.9135,21.166],[74.893,21.1514],[74.885,21.1278],[74.8867,21.1133],[74.8709,21.1014],[74.8741,21.0882],[74.8581,21.0631],[74.8649,21.0512],[74.8911,21.0524],[74.8943,21.0398],[74.9102,21.032],[74.9212,21.0106],[74.9166,20.9899],[74.9298,20.9777],[74.9302,20.9609],[74.9126,20.962],[74.9142,20.9268],[74.9351,20.9259],[74.95,20.9116],[74.9703,20.8773],[74.9676,20.8515],[74.982,20.8432],[74.9865,20.8223],[74.9683,20.8192],[74.9619,20.8049],[74.974,20.7838],[74.9885,20.7731],[74.9943,20.7487],[74.9912,20.7364],[74.9535,20.7118],[74.9548,20.6915],[74.9424,20.6826],[74.9295,20.6574],[74.901,20.6579],[74.8874,20.6442],[74.8565,20.6352],[74.8435,20.6374],[74.8149,20.6337],[74.8124,20.5946],[74.7955,20.5754],[74.7993,20.5482],[74.7958,20.5395],[74.7619,20.5386],[74.7746,20.5046],[74.7862,20.5001],[74.7735,20.4706],[74.8006,20.4691],[74.8079,20.4429],[74.8195,20.4291],[74.8379,20.4174],[74.8349,20.3938],[74.8507,20.3827],[74.8563,20.3506],[74.8667,20.3162],[74.857,20.2855],[74.8702,20.277],[74.909,20.2728],[74.9182,20.2776],[74.9349,20.2697],[74.971,20.3041],[74.9875,20.3024],[74.9889,20.3303],[75,20.3369],[75.0483,20.3077],[75.0565,20.3073],[75.0595,20.334],[75.0923,20.3346],[75.0996,20.3431],[75.1227,20.3476],[75.1264,20.3573],[75.1164,20.3942],[75.1081,20.407],[75.1295,20.4315],[75.1615,20.4366],[75.1627,20.4751],[75.2013,20.4763],[75.2022,20.4918],[75.2117,20.4983],[75.2312,20.4931],[75.2267,20.5086],[75.2396,20.5216],[75.2548,20.5701],[75.2855,20.5684],[75.3072,20.5777],[75.3288,20.5922],[75.3531,20.5896],[75.3727,20.5754],[75.3913,20.5796],[75.3956,20.5662],[75.3973,20.5241],[75.4127,20.5234],[75.4342,20.5133],[75.4285,20.5321],[75.451,20.5403],[75.4609,20.5529],[75.4733,20.5427],[75.4847,20.5431],[75.4897,20.531],[75.5086,20.5543],[75.5262,20.5607],[75.5225,20.5904],[75.5336,20.5965],[75.5367,20.6097],[75.5556,20.6043],[75.5589,20.6134],[75.5903,20.6027],[75.6149,20.6092],[75.6089,20.622],[75.6248,20.6252],[75.6483,20.62],[75.6623,20.6286],[75.658,20.6619],[75.6667,20.6699],[75.6898,20.6683],[75.7059,20.6615],[75.6996,20.6313],[75.7065,20.6153],[75.7244,20.6205],[75.7334,20.6101],[75.7587,20.6142],[75.7598,20.5799],[75.7851,20.5868],[75.7913,20.5773],[75.8206,20.5617],[75.8296,20.5743],[75.8434,20.6185],[75.8692,20.6236],[75.8718,20.6008],[75.8874,20.5968],[75.8895,20.5634],[75.9337,20.5548],[75.9353,20.5937],[75.9549,20.6065],[75.9571,20.625],[75.9911,20.6231],[76.0111,20.643],[75.9981,20.6674],[76.0035,20.6886],[75.9971,20.6966],[76,20.7156],[76.0174,20.724],[76.0122,20.7387],[76,20.7432],[75.9869,20.7588],[75.998,20.7779],[76.0186,20.7847],[76.0499,20.7882],[76.0575,20.8035],[76.0497,20.8125],[76.0583,20.8251],[76.0739,20.8336],[76.0756,20.8449],[76.0987,20.8725],[76.1117,20.8817],[76.1154,20.8933],[76.1009,20.9033],[76.0807,20.908],[76.0921,20.9435],[76.1097,20.9488],[76.1227,20.9753],[76.1447,20.9859],[76.1594,21.0003],[76.1705,21.0351],[76.2005,21.0148],[76.2258,21.0119],[76.2395,20.9907],[76.2672,20.9799],[76.2806,20.9582],[76.3202,20.9505],[76.3469,20.9498],[76.368,20.9778],[76.3833,20.9775],[76.3982,21.0303],[76.3838,21.0775],[76.2826,21.0733],[76.27,21.0909],[76.1844,21.0879],[76.1692,21.0837],[76.169,21.1033],[76.1361,21.1241],[76.1404,21.1379],[76.1289,21.1546],[76.1144,21.1625],[76.1279,21.1758],[76.1674,21.1686],[76.1733,21.1861],[76.1665,21.1933],[76.1646,21.222],[76.1461,21.231],[76.1598,21.2569],[76.1456,21.2855],[76.1298,21.2953],[76.1075,21.3579],[76.0992,21.3716],[76.0528,21.3504],[76.035,21.363],[75.9919,21.3738],[75.969,21.3916],[75.9166,21.3875],[75.8881,21.3973],[75.8761,21.3959],[75.8627,21.385],[75.8433,21.3871],[75.8325,21.381],[75.8012,21.3878],[75.7586,21.3832],[75.7437,21.3909],[75.7063,21.389],[75.6729,21.3781],[75.6288,21.379],[75.6189,21.3909]]]},"properties":{"DISTRICT":"Jalgaon","ST_NM":"Maharashtra","ST_CEN_CD":27,"DT_CEN_CD":3}},
{"type":"Feature","geometry":{"type":"Polygon","coordinates":[[[74.9467,32.8771],[74.9238,32.871],[74.8857,32.8705],[74.8353,32.8799],[74.8169,32.8966],[74.8124,32.9186],[74.8457,32.9632],[74.8393,32.98],[74.8085,33.0118],[74.782,33.0318],[74.7517,33.033],[74.7298,33.0242],[74.714,33.007],[74.6927,32.9711],[74.6688,32.9572],[74.6283,32.9718],[74.5913,32.9962],[74.5654,32.9929],[74.5119,32.9615],[74.4941,32.9459],[74.4965,32.929],[74.5216,32.8887],[74.5139,32.8733],[74.4695,32.7997],[74.4512,32.7836],[74.461,32.7732],[74.483,32.7622],[74.5013,32.7604],[74.5073,32.7439],[74.5267,32.7404],[74.5439,32.7433],[74.5542,32.756],[74.5718,32.7465],[74.6166,32.7553],[74.6341,32.7773],[74.6503,32.7874],[74.6324,32.8016],[74.6489,32.8253],[74.6643,32.8216],[74.6767,32.8293],[74.7014,32.8351],[74.7,32.8105],[74.6821,32.7819],[74.671,32.7474],[74.6636,32.7377],[74.6504,32.6983],[74.6622,32.6728],[74.679,32.668],[74.6927,32.6548],[74.6511,32.6276],[74.6493,32.6128],[74.637,32.6106],[74.6384,32.5954],[74.6495,32.591],[74.6521,32.5593],[74.6705,32.5527],[74.6631,32.536],[74.6882,32.5257],[74.6813,32.5117],[74.681,32.4865],[74.7087,32.4816],[74.716,32.4706],[74.7352,32.4743],[74.7519,32.4697],[74.7684,32.4747],[74.7843,32.4697],[74.8301,32.486],[74.8448,32.494],[74.8666,32.5155],[74.8994,32.5557],[74.9468,32.5956],[74.969,32.6301],[74.9758,32.6619],[75.0108,32.6722],[75.0312,32.6859],[75.0459,32.704],[75.0505,32.7234],[75.0849,32.7275],[75.1128,32.736],[75.1324,32.7465],[75.1609,32.77],[75.148,32.7991],[75.1135,32.8225],[75.0746,32.8678],[75.0502,32.8844],[74.9966,32.8465],[74.9764,32.8513],[74.9679,32.8783],[74.9467,32.8771]]]},"properties":{"DISTRICT":"Jammu","ST_NM":"Jammu and Kashmir","ST_CEN_CD":1,"DT_CEN_CD":21}},
{"type":"Feature","geometry":{"type":"Polygon","coordinates":[[[79.398,25.7962],[79.3839,25.7861],[79.3459,25.7851],[79.32,25.7695],[79.2918,25.7921],[79.302,25.8122],[79.2815,25.8133],[79.2661,25.7923],[79.2384,25.8077],[79.2136,25.7899],[79.1872,25.8013],[79.1338,25.8136],[79.1178,25.8244],[79.1272,25.8462],[79.098,25.8613],[79.1082,25.8908],[79.078,25.8903],[79.0759,25.8592],[79.0637,25.8563],[79.0407,25.8676],[79.0446,25.8798],[79.0303,25.9024],[79.0481,25.8993],[79.0582,25.9066],[79.0822,25.9046],[79.0859,25.9164],[79.0423,25.9273],[79.0386,25.9351],[79.0189,25.9402],[79.0038,25.9334],[78.9795,25.9433],[78.9654,25.9361],[78.9354,25.9501],[78.9119,25.9357],[78.9022,25.9204],[78.8843,25.9102],[78.8951,25.8936],[78.8916,25.8711],[78.8657,25.8666],[78.8544,25.8551],[78.8518,25.8399],[78.8735,25.829],[78.8711,25.7967],[78.8637,25.7891],[78.8491,25.7998],[78.8488,25.8153],[78.8236,25.8258],[78.8282,25.794],[78.8073,25.794],[78.7876,25.7698],[78.7835,25.7562],[78.7544,25.7437],[78.7534,25.7327],[78.7684,25.7155],[78.7989,25.7052],[78.8034,25.6908],[78.8189,25.6692],[78.8188,25.6402],[78.8128,25.6193],[78.8021,25.6123],[78.7735,25.6079],[78.7403,25.5978],[78.7186,25.6013],[78.6844,25.5888],[78.656,25.5604],[78.6362,25.5637],[78.6287,25.5769],[78.6116,25.582],[78.6054,25.5703],[78.5885,25.559],[78.5671,25.5625],[78.5544,25.5594],[78.5348,25.5677],[78.5187,25.5677],[78.4988,25.5766],[78.4884,25.5751],[78.4673,25.5593],[78.4624,25.5467],[78.4443,25.5591],[78.4333,25.5562],[78.4158,25.5276],[78.4158,25.5028],[78.4266,25.4853],[78.4287,25.4745],[78.4236,25.4723],[78.4138,25.474],[78.4008,25.466],[78.3927,25.4489],[78.368,25.4414],[78.3546,25.4496],[78.3422,25.4258],[78.3394,25.3993],[78.3176,25.3799],[78.3066,25.3786],[78.3011,25.3624],[78.3301,25.3501],[78.3382,25.3316],[78.3347,25.3224],[78.3149,25.3058],[78.3233,25.2994],[78.352,25.2928],[78.352,25.2778],[78.3691,25.2603],[78.3621,25.2449],[78.3758,25.2366],[78.382,25.2207],[78.4024,25.2161],[78.3926,25.2036],[78.3904,25.1969],[78.3922,25.1901],[78.4104,25.1839],[78.4241,25.1677],[78.4508,25.1675],[78.4532,25.1617],[78.4497,25.1528],[78.4488,25.1523],[78.4277,25.1526],[78.4251,25.1485],[78.4298,25.1403],[78.4497,25.1237],[78.4879,25.147],[78.507,25.1698],[78.5337,25.183],[78.558,25.2118],[78.5696,25.221],[78.5756,25.2535],[78.5594,25.2658],[78.543,25.2668],[78.5279,25.2829],[78.5123,25.2764],[78.4963,25.287],[78.461,25.2655],[78.4427,25.2681],[78.4356,25.2757],[78.4368,25.2919],[78.4555,25.2981],[78.4762,25.2982],[78.4946,25.3151],[78.5121,25.297],[78.5321,25.3014],[78.5485,25.3215],[78.5407,25.3258],[78.5352,25.3607],[78.5631,25.3435],[78.5833,25.3468],[78.5849,25.372],[78.6107,25.4119],[78.6265,25.4019],[78.641,25.4044],[78.6398,25.4278],[78.6461,25.4352],[78.6653,25.4386],[78.6777,25.4337],[78.6966,25.4402],[78.7076,25.421],[78.6763,25.3987],[78.6593,25.408],[78.6651,25.3828],[78.6944,25.3755],[78.7,25.3826],[78.717,25.3711],[78.7111,25.3535],[78.7429,25.3441],[78.7717,25.3533],[78.766,25.399],[78.7527,25.4104],[78.802,25.4215],[78.7968,25.4369],[78.7727,25.4249],[78.7555,25.4433],[78.732,25.4581],[78.7337,25.4849],[78.7639,25.471],[78.7969,25.4783],[78.8329,25.4632],[78.8532,25.4492],[78.8271,25.4326],[78.844,25.4291],[78.8611,25.4472],[78.8646,25.462],[78.8535,25.4862],[78.8345,25.4985],[78.8414,25.5108],[78.8835,25.5191],[78.8759,25.539],[78.8819,25.5518],[78.8931,25.5556],[78.9333,25.5548],[78.9493,25.5463],[78.9495,25.526],[78.9242,25.5116],[78.9427,25.4891],[78.9376,25.4635],[78.9107,25.4418],[78.9366,25.4232],[78.9501,25.4366],[78.9676,25.4338],[78.9777,25.4154],[78.9757,25.3915],[78.9833,25.3836],[78.9819,25.3675],[78.9559,25.3649],[78.9461,25.3478],[78.9043,25.3601],[78.9028,25.3757],[78.9386,25.372],[78.9509,25.398],[78.9229,25.3945],[78.9085,25.3842],[78.8822,25.3826],[78.8451,25.3471],[78.8508,25.3273],[78.8406,25.3263],[78.8219,25.3059],[78.7992,25.3097],[78.7905,25.2981],[78.8005,25.288],[78.8194,25.289],[78.8129,25.2659],[78.8423,25.2282],[78.8532,25.2288],[78.8575,25.2484],[78.8696,25.2781],[78.8792,25.2868],[78.8742,25.3059],[78.8638,25.3119],[78.8926,25.3416],[78.9153,25.3343],[78.9221,25.3414],[78.9386,25.3274],[78.9502,25.3401],[78.9632,25.3427],[78.9602,25.3068],[78.9777,25.2861],[78.9512,25.2751],[78.948,25.2577],[78.9159,25.2693],[78.9037,25.2449],[78.8795,25.2458],[78.8743,25.2275],[78.8889,25.2105],[78.8746,25.185],[78.8844,25.1572],[78.9079,25.1756],[78.9315,25.2056],[78.9602,25.2157],[78.9765,25.2117],[78.9897,25.1942],[79.0031,25.191],[79.0077,25.2111],[79.0024,25.2273],[78.9797,25.2379],[78.9807,25.2487],[78.9942,25.27],[79.0198,25.2691],[79.0221,25.2428],[79.0339,25.2297],[79.0638,25.2208],[79.0319,25.1816],[79.0431,25.169],[79.0291,25.1383],[79.0462,25.1323],[79.0654,25.146],[79.0714,25.1676],[79.0917,25.1876],[79.098,25.1713],[79.1266,25.1586],[79.1152,25.1388],[79.1325,25.1244],[79.1222,25.113],[79.1407,25.1062],[79.1456,25.1136],[79.164,25.1071],[79.1867,25.1129],[79.1762,25.1267],[79.1758,25.1405],[79.1923,25.1463],[79.2042,25.1381],[79.2054,25.1234],[79.2458,25.1116],[79.245,25.138],[79.2323,25.1354],[79.2214,25.1436],[79.2326,25.1533],[79.2581,25.1564],[79.2696,25.1364],[79.262,25.1257],[79.284,25.1155],[79.2897,25.1287],[79.3085,25.1261],[79.3214,25.1462],[79.3094,25.1705],[79.2911,25.1846],[79.2856,25.2058],[79.2891,25.2223],[79.2812,25.2433],[79.3009,25.2353],[79.3184,25.2146],[79.3329,25.2176],[79.3402,25.196],[79.3546,25.2094],[79.3487,25.2257],[79.3477,25.2679],[79.3395,25.2714],[79.3223,25.2565],[79.2941,25.2762],[79.2787,25.2616],[79.2641,25.2746],[79.2678,25.3053],[79.2842,25.3221],[79.2771,25.337],[79.2948,25.3584],[79.2995,25.376],[79.3246,25.399],[79.3404,25.4018],[79.3325,25.4282],[79.342,25.4415],[79.3697,25.4649],[79.3626,25.4853],[79.3784,25.4995],[79.389,25.5218],[79.4105,25.5454],[79.4024,25.5635],[79.4133,25.5834],[79.3892,25.5772],[79.3747,25.6027],[79.3783,25.6204],[79.3616,25.6403],[79.3749,25.6498],[79.3953,25.6473],[79.3784,25.669],[79.3872,25.6829],[79.3729,25.6991],[79.3741,25.7155],[79.3935,25.7295],[79.3981,25.7413],[79.3755,25.7463],[79.3746,25.7765],[79.3952,25.7763],[79.398,25.7962]]]},"properties":{"DISTRICT":"Jhansi","ST_NM":"Uttar Pradesh","ST_CEN_CD":9,"DT_CEN_CD":35}},
{"type":"Feature","geometry":{"type":"Polygon","coordinates":[[[72.2841,27.5487],[72.2515,27.5333],[72.2455,27.4976],[72.211,27.4891],[72.2029,27.4752],[72.1755,27.4618],[72.1577,27.4758],[72.1457,27.5149],[72.1454,27.5324],[72.1256,27.5464],[72.1151,27.5471],[72.1057,27.5601],[72.1291,27.5804],[72.1118,27.5908],[72.0857,27.5927],[72.0499,27.6145],[72.0003,27.5692],[71.9665,27.5497],[71.9308,27.5591],[71.9056,27.5294],[71.9028,27.5032],[71.8974,27.4926],[71.8823,27.4845],[71.8382,27.4785],[71.8145,27.4417],[71.8152,27.4311],[71.8274,27.4],[71.8199,27.3443],[71.8289,27.329],[71.7935,27.288],[71.7887,27.2558],[71.7977,27.251],[71.8203,27.2538],[71.8451,27.2363],[71.8843,27.2202],[71.9156,27.2112],[71.9162,27.1831],[71.927,27.174],[71.9554,27.1824],[71.9571,27.1547],[71.9677,27.1395],[72,27.1297],[72.0768,27.1166],[72.0874,27.1048],[72.0788,27.0769],[72.0595,27.0501],[72.056,27.0357],[72.0442,27.0209],[72.0428,26.9974],[72.0499,26.9687],[72.0399,26.9358],[72.0754,26.9134],[72.1036,26.8869],[72.1019,26.8617],[72.0876,26.8492],[72.0992,26.8301],[72.0831,26.8078],[72.0542,26.8031],[72.0454,26.7891],[72.0608,26.7862],[72.0622,26.7601],[72.0872,26.7302],[72.0688,26.7187],[72.0397,26.6753],[72.0662,26.6461],[72.0617,26.6382],[72.086,26.6234],[72.0985,26.6004],[72.0271,26.4987],[72.0559,26.4765],[72.082,26.443],[72.0732,26.4008],[72.0754,26.3543],[72.0727,26.3494],[72.0976,26.319],[72.114,26.3213],[72.1531,26.3082],[72.1653,26.2868],[72.1595,26.281],[72.2012,26.2566],[72.2172,26.2315],[72.255,26.2104],[72.2685,26.1978],[72.2799,26.2115],[72.3084,26.2167],[72.3404,26.2444],[72.3743,26.2254],[72.4094,26.239],[72.4253,26.2629],[72.4201,26.2788],[72.427,26.2864],[72.4669,26.301],[72.4916,26.2993],[72.5074,26.2786],[72.5247,26.2881],[72.5318,26.2739],[72.5519,26.2644],[72.5734,26.2669],[72.5961,26.2799],[72.6336,26.2282],[72.6398,26.2298],[72.6598,26.2077],[72.6882,26.1862],[72.6813,26.1734],[72.6895,26.1321],[72.697,26.1271],[72.6942,26.1059],[72.6787,26.0718],[72.6881,26.0639],[72.6854,26.05],[72.694,26.0365],[72.6845,26.0295],[72.6497,26.0184],[72.645,26.013],[72.6177,26.0066],[72.6187,25.978],[72.6317,25.9642],[72.6594,25.9549],[72.6916,25.9297],[72.7007,25.9337],[72.7533,25.8921],[72.7512,25.8817],[72.7769,25.8817],[72.8061,25.8529],[72.8343,25.863],[72.842,25.8907],[72.8662,25.8999],[72.8685,25.8901],[72.9121,25.8934],[72.9334,25.9024],[72.9581,25.9017],[72.9718,25.9201],[72.9745,25.9351],[72.9924,25.9411],[73.0003,25.9532],[73.0318,25.9518],[73.05,25.9677],[73.0534,26.0002],[73.0588,26.0122],[73.1181,26.0309],[73.1316,26.0431],[73.1475,26.042],[73.1652,26.0333],[73.1866,26.033],[73.1779,26.0543],[73.2074,26.0767],[73.2258,26.0739],[73.2411,26.0849],[73.2504,26.0646],[73.2746,26.052],[73.2751,26.0432],[73.3211,26.0195],[73.3163,26.0341],[73.3274,26.0424],[73.3298,26.0548],[73.3502,26.0636],[73.3589,26.0752],[73.3453,26.0993],[73.3409,26.1172],[73.3654,26.1355],[73.3768,26.1563],[73.4031,26.1622],[73.4064,26.1299],[73.4306,26.1298],[73.4556,26.1047],[73.4664,26.0853],[73.4918,26.0827],[73.4999,26.0874],[73.5105,26.0694],[73.5294,26.0636],[73.5316,26.0771],[73.5226,26.1029],[73.5767,26.1156],[73.5869,26.1258],[73.6057,26.1297],[73.6287,26.147],[73.6531,26.1262],[73.6501,26.0781],[73.6859,26.0624],[73.6957,26.0636],[73.7239,26.1086],[73.7466,26.1116],[73.7552,26.0938],[73.7651,26.0978],[73.8058,26.0998],[73.8132,26.1124],[73.8103,26.1265],[73.786,26.1636],[73.8046,26.2068],[73.7901,26.2361],[73.7918,26.247],[73.8073,26.2638],[73.8136,26.287],[73.805,26.3108],[73.8123,26.3168],[73.8141,26.3495],[73.8423,26.3845],[73.846,26.4073],[73.8654,26.4171],[73.8731,26.4305],[73.8595,26.4456],[73.8566,26.4672],[73.8152,26.5004],[73.7939,26.5044],[73.7795,26.5222],[73.7551,26.5407],[73.7214,26.539],[73.7208,26.552],[73.6941,26.5886],[73.7013,26.6026],[73.6926,26.6227],[73.677,26.6463],[73.6595,26.648],[73.6605,26.6605],[73.6726,26.6782],[73.6594,26.6879],[73.6498,26.71],[73.6718,26.7517],[73.6773,26.7558],[73.6624,26.7796],[73.655,26.8078],[73.6322,26.8068],[73.631,26.8393],[73.6061,26.8437],[73.5876,26.8633],[73.5303,26.8585],[73.5123,26.8808],[73.4917,26.8869],[73.4581,26.8729],[73.4451,26.8751],[73.4381,26.8863],[73.4021,26.8832],[73.3864,26.8689],[73.3517,26.8682],[73.3408,26.8572],[73.3271,26.8566],[73.2926,26.8737],[73.2854,26.864],[73.2426,26.8634],[73.2131,26.8685],[73.2032,26.8822],[73.191,26.882],[73.1806,26.9053],[73.1773,26.9294],[73.1553,26.9289],[73.1228,26.944],[73.1147,26.9657],[73.1282,26.9804],[73.1526,26.9924],[73.1578,27.0249],[73.1919,27.0564],[73.1765,27.0929],[73.1567,27.1105],[73.152,27.1208],[73.167,27.1445],[73.1563,27.199],[73.1469,27.2203],[73.132,27.2352],[73.1538,27.2518],[73.1526,27.2584],[73.1631,27.2948],[73.1517,27.3207],[73.1465,27.3541],[73.1453,27.3901],[73.1206,27.4081],[73.0954,27.407],[73.0425,27.4104],[73.0127,27.4006],[72.9876,27.3838],[72.9484,27.4044],[72.9459,27.4419],[72.9396,27.4476],[72.9021,27.4152],[72.8957,27.4266],[72.8949,27.4507],[72.8598,27.4432],[72.8826,27.4769],[72.8651,27.4771],[72.8308,27.4661],[72.8257,27.4919],[72.8255,27.5215],[72.8377,27.5213],[72.8476,27.5337],[72.8503,27.5551],[72.8355,27.5797],[72.7737,27.5632],[72.7784,27.5355],[72.7662,27.5229],[72.728,27.5536],[72.7176,27.5882],[72.696,27.6044],[72.6759,27.575],[72.6713,27.5426],[72.6606,27.5323],[72.6437,27.5602],[72.6243,27.5711],[72.6193,27.5902],[72.6039,27.6066],[72.5696,27.6064],[72.5602,27.6185],[72.5414,27.61],[72.5016,27.5836],[72.4686,27.5906],[72.4494,27.5858],[72.4375,27.5616],[72.4075,27.5429],[72.4002,27.5494],[72.3839,27.5429],[72.3678,27.5277],[72.3611,27.4899],[72.3369,27.5099],[72.3268,27.5137],[72.3008,27.4978],[72.2785,27.4656],[72.2663,27.4574],[72.2486,27.4681],[72.2538,27.4869],[72.2518,27.5073],[72.2796,27.5127],[72.2921,27.5264],[72.2961,27.5429],[72.2841,27.5487]]]},"properties":{"DISTRICT":"Jodhpur","ST_NM":"Rajasthan","ST_CEN_CD":8,"DT_CEN_CD":15}},
{"type":"Feature","geometry":{"type":"Polygon","coordinates":[[[92.1804,26.0779],[92.1703,26.0917],[92.1743,26.101],[92.1651,26.1482],[92.1704,26.1634],[92.1495,26.1625],[92.132,26.1784],[92.1109,26.1711],[92.0862,26.1782],[92.0797,26.1951],[92.0634,26.1972],[92.0345,26.2077],[91.9999,26.2044],[91.9592,26.2314],[91.956,26.2537],[91.9152,26.2334],[91.8925,26.2189],[91.8444,26.2143],[91.7795,26.1977],[91.7617,26.1999],[91.7616,26.2],[91.7471,26.1944],[91.6907,26.167],[91.6613,26.1315],[91.6449,26.1289],[91.6349,26.1138],[91.6207,26.1067],[91.6007,26.1108],[91.5923,26.124],[91.5654,26.1423],[91.543,26.1356],[91.5345,26.0981],[91.5269,26.0336],[91.5057,26.0267],[91.4802,26.0513],[91.4553,26.0447],[91.4529,26.0321],[91.4751,25.9899],[91.473,25.9588],[91.4666,25.9415],[91.4764,25.8906],[91.4723,25.8578],[91.4776,25.8563],[91.4774,25.8703],[91.486,25.8901],[91.5038,25.8975],[91.5134,25.9145],[91.5043,25.9198],[91.5224,25.9399],[91.5212,25.9572],[91.5398,25.9611],[91.5539,25.9739],[91.5681,26.0008],[91.5727,26.0265],[91.5908,26.0291],[91.5995,26.0198],[91.6229,26.026],[91.6348,26.0214],[91.6356,26.0038],[91.6273,25.9848],[91.6405,25.9638],[91.6326,25.9436],[91.6137,25.9389],[91.6504,25.9127],[91.6717,25.9043],[91.7226,25.9529],[91.7257,26.0292],[91.7338,26.0581],[91.762,26.0701],[91.7811,26.0901],[91.7929,26.0858],[91.8043,26.1037],[91.8219,26.1175],[91.8783,26.0964],[91.8718,26.0556],[91.8856,26.0287],[91.9098,26.0258],[91.9281,25.9984],[91.9362,26.0133],[91.9486,26.0131],[91.9804,26.0244],[91.9933,26.0396],[92.0056,26.0366],[92.0383,26.0379],[92.055,26.0313],[92.0955,26.047],[92.1352,26.0443],[92.1526,26.0633],[92.1804,26.0779]]]},"properties":{"DISTRICT":"Kamrup Metropolitan","ST_NM":"Assam","ST_CEN_CD":18,"DT_CEN_CD":23}},
{"type":"Feature","geometry":{"type":"Polygon","coordinates":[[[80.0208,26.9526],[80,26.9606],[79.9803,26.9442],[79.9631,26.9503],[79.9447,26.9437],[79.9527,26.9177],[79.9455,26.8968],[79.9534,26.89],[79.9434,26.8744],[79.9656,26.8597],[79.9464,26.845],[79.957,26.7951],[79.9612,26.7901],[79.9612,26.7614],[79.9793,26.7402],[79.982,26.7303],[80.0084,26.7128],[80.0181,26.6979],[80.0168,26.6401],[80.023,26.6082],[80.0643,26.6061],[80.0652,26.5933],[80.0987,26.5938],[80.0972,26.5843],[80.1258,26.5741],[80.1349,26.5645],[80.1366,26.5473],[80.1621,26.5335],[80.166,26.5208],[80.175,26.5042],[80.1481,26.4901],[80.132,26.4758],[80.1251,26.459],[80.1332,26.4482],[80.1394,26.4029],[80.1482,26.3931],[80.1459,26.3716],[80.157,26.3552],[80.1495,26.3472],[80.157,26.3218],[80.1669,26.3042],[80.1516,26.3007],[80.1409,26.3092],[80.1284,26.3023],[80.1419,26.2776],[80.1319,26.2667],[80.1161,26.263],[80.0963,26.2802],[80.0824,26.2807],[80.0602,26.2681],[80.0473,26.2742],[80.0319,26.2637],[80.0171,26.2637],[80.0016,26.2421],[80.0113,26.234],[80.0049,26.1935],[80.0226,26.1781],[79.9838,26.1547],[79.9731,26.157],[79.9675,26.1562],[79.9663,26.1552],[79.968,26.1535],[79.9714,26.1337],[79.9608,26.0979],[79.9581,26.0781],[79.9695,26.0707],[80.0127,26.0675],[80.0756,26.0798],[80.0953,26.0779],[80.1133,26.0546],[80.1085,26.0246],[80.0837,26.0051],[80.0969,25.9916],[80.1164,25.9874],[80.1417,25.9671],[80.1673,25.9546],[80.1953,25.948],[80.2143,25.9173],[80.2368,25.9225],[80.2274,25.9576],[80.2172,25.9717],[80.248,25.9903],[80.2631,26.0484],[80.2712,26.0606],[80.2831,26.0563],[80.3024,26.0605],[80.3216,26.0907],[80.3244,26.1135],[80.3421,26.1246],[80.3553,26.1255],[80.3639,26.1373],[80.3894,26.1445],[80.4128,26.1614],[80.4454,26.1691],[80.4502,26.1801],[80.4832,26.1836],[80.4986,26.1941],[80.5211,26.1881],[80.5389,26.1973],[80.5458,26.2205],[80.5671,26.2267],[80.5607,26.2341],[80.5628,26.2562],[80.5547,26.2884],[80.5372,26.3218],[80.5387,26.337],[80.5333,26.3575],[80.4967,26.3782],[80.4555,26.4051],[80.4224,26.4239],[80.4041,26.4416],[80.4054,26.4566],[80.394,26.4679],[80.3785,26.4698],[80.3479,26.4857],[80.3098,26.5256],[80.2965,26.5477],[80.2962,26.5717],[80.304,26.6057],[80.2591,26.6695],[80.2332,26.6873],[80.2041,26.683],[80.1865,26.6868],[80.157,26.7221],[80.1332,26.7428],[80.12,26.7754],[80.1217,26.7957],[80.105,26.8377],[80.1069,26.8716],[80.0883,26.8877],[80.0905,26.8943],[80.0676,26.9189],[80.0517,26.9191],[80.0278,26.9396],[80.0208,26.9526]]]},"properties":{"DISTRICT":"Kanpur Nagar","ST_NM":"Uttar Pradesh","ST_CEN_CD":9,"DT_CEN_CD":33}},
{"type":"Feature","geometry":{"type":"Polygon","coordinates":[[[77.2383,32.8949],[77.2587,32.9248],[77.2716,33.0213],[77.2618,33.0519],[77.2621,33.0858],[77.2665,33.1264],[77.2951,33.1636],[77.3358,33.2057],[77.3441,33.2277],[77.3444,33.2565],[77.3346,33.2854],[77.337,33.321],[77.3454,33.3616],[77.3638,33.3818],[77.3903,33.4003],[77.4391,33.4287],[77.4636,33.4489],[77.4985,33.4876],[77.5252,33.5246],[77.53,33.5806],[77.518,33.5976],[77.4898,33.6097],[77.4615,33.6133],[77.4331,33.6119],[77.3279,33.6279],[77.3058,33.6535],[77.2719,33.7131],[77.2235,33.7456],[77.1546,33.7612],[77.0936,33.7582],[77.0084,33.767],[76.978,33.7756],[76.9174,33.8233],[76.8687,33.8438],[76.7976,33.8678],[76.7571,33.8916],[76.7124,33.9222],[76.6535,33.9901],[76.6353,34.0207],[76.6292,34.058],[76.6333,34.0936],[76.6579,34.158],[76.6723,34.1885],[76.7112,34.2461],[76.6949,34.2648],[76.6806,34.2885],[76.6746,34.3241],[76.6503,34.4259],[76.6156,34.5311],[76.6095,34.5803],[76.5993,34.6074],[76.587,34.6261],[76.5686,34.643],[76.5111,34.6719],[76.4824,34.682],[76.466,34.7041],[76.4557,34.7329],[76.4372,34.7634],[76.4248,34.777],[76.4125,34.8007],[76.3751,34.8331],[76.3425,34.8583],[76.3075,34.8616],[76.2767,34.8497],[76.2521,34.831],[76.2377,34.8072],[76.1947,34.7664],[76.1353,34.7273],[76.121,34.7086],[76.078,34.683],[76.0473,34.6744],[75.9898,34.6725],[75.9119,34.6586],[75.8853,34.65],[75.8504,34.6481],[75.8156,34.6428],[75.7788,34.6307],[75.7051,34.6116],[75.658,34.6028],[75.568,34.5801],[75.5251,34.573],[75.4372,34.5519],[75.3924,34.5434],[75.3985,34.5312],[75.3928,34.4956],[75.3999,34.4227],[75.4063,34.4058],[75.4272,34.3721],[75.4336,34.3501],[75.4091,34.3499],[75.3702,34.3546],[75.3582,34.352],[75.4073,34.3329],[75.4525,34.3096],[75.5287,34.2661],[75.625,34.2346],[75.631,34.2227],[75.6374,34.2211],[75.6863,34.2317],[75.7088,34.2284],[75.7074,34.2158],[75.7417,34.1981],[75.7687,34.1406],[75.7935,34.1035],[75.8099,34.0917],[75.8406,34.0834],[75.8631,34.0699],[75.9001,34.0226],[75.9431,33.9872],[76.0021,33.996],[76.0163,34.0011],[76.0428,33.9961],[76.0571,33.986],[76.0817,33.9539],[76.09,33.9234],[76.1105,33.8946],[76.19,33.8203],[76.2105,33.7864],[76.2187,33.7423],[76.2209,33.6949],[76.2373,33.6305],[76.2496,33.6085],[76.28,33.6085],[76.3124,33.6221],[76.3224,33.6476],[76.3427,33.6629],[76.367,33.6731],[76.3974,33.668],[76.4258,33.6494],[76.4705,33.6087],[76.4847,33.585],[76.5818,33.5154],[76.598,33.4764],[76.6384,33.4459],[76.6647,33.4289],[76.6807,33.3865],[76.6746,33.3492],[76.6867,33.339],[76.7331,33.3253],[76.7533,33.3219],[76.7755,33.3049],[76.7875,33.2828],[76.796,33.2549],[76.815,33.2403],[76.84,33.2475],[76.8291,33.2145],[76.8366,33.2046],[76.8213,33.1929],[76.816,33.1723],[76.8213,33.1547],[76.8471,33.1366],[76.8519,33.1194],[76.8704,33.1104],[76.8866,33.1191],[76.8951,33.113],[76.9085,33.0795],[76.9352,33.0323],[76.9798,33.0125],[77.0161,32.988],[77.053,32.9981],[77.0926,32.9716],[77.1148,32.9759],[77.1209,32.9855],[77.1541,32.9787],[77.1541,32.956],[77.1638,32.9546],[77.1646,32.9325],[77.1751,32.9113],[77.1915,32.9292],[77.1994,32.9135],[77.2383,32.8949]]]},"properties":{"DISTRICT":"Kargil","ST_NM":"Jammu and Kashmir","ST_CEN_CD":1,"DT_CEN_CD":4}},
{"type":"Feature","geometry":{"type":"Polygon","coordinates":[[[86.0827,20.1063],[86.0676,20.1252],[86.0529,20.1339],[86.0489,20.1574],[86.0555,20.1625],[86.0429,20.1801],[86.0262,20.1757],[86.0078,20.2241],[85.9942,20.2286],[85.9609,20.2521],[85.9517,20.2682],[85.9341,20.2726],[85.9375,20.287],[85.9273,20.2921],[85.9218,20.3164],[85.929,20.3284],[85.9166,20.3457],[85.8856,20.3575],[85.8718,20.3397],[85.8805,20.3185],[85.8846,20.287],[85.8717,20.2891],[85.8576,20.3004],[85.8194,20.3155],[85.8023,20.3252],[85.7992,20.3364],[85.8058,20.3532],[85.8198,20.3673],[85.8185,20.3883],[85.8272,20.3929],[85.8168,20.4263],[85.802,20.4339],[85.7828,20.4218],[85.7874,20.4095],[85.76,20.4043],[85.7327,20.409],[85.7158,20.3993],[85.7018,20.3617],[85.6843,20.3402],[85.679,20.3243],[85.6631,20.3313],[85.6401,20.3192],[85.6345,20.298],[85.6267,20.292],[85.5847,20.3009],[85.5252,20.3037],[85.5106,20.2909],[85.4845,20.2972],[85.4615,20.2945],[85.4566,20.2698],[85.4503,20.2634],[85.422,20.2722],[85.4083,20.2561],[85.3988,20.2595],[85.3957,20.2773],[85.3829,20.2856],[85.3713,20.2758],[85.3371,20.2722],[85.3351,20.2803],[85.3242,20.2308],[85.28,20.2264],[85.2563,20.2264],[85.2567,20.2146],[85.2358,20.21],[85.2269,20.2231],[85.2015,20.1902],[85.2059,20.1545],[85.2159,20.1447],[85.2144,20.1322],[85.241,20.1145],[85.2448,20.1243],[85.2711,20.1464],[85.295,20.1537],[85.3123,20.1541],[85.3125,20.1664],[85.3333,20.1801],[85.3584,20.1877],[85.3688,20.1807],[85.3563,20.1452],[85.3754,20.1454],[85.3998,20.1398],[85.4145,20.1275],[85.4046,20.1128],[85.4026,20.096],[85.3852,20.0897],[85.381,20.0715],[85.397,20.0363],[85.4222,20.0241],[85.4352,20.027],[85.4169,19.995],[85.4409,19.9943],[85.4537,19.981],[85.4541,19.9641],[85.4365,19.9402],[85.4215,19.9269],[85.4038,19.9296],[85.3845,19.9501],[85.3637,19.9582],[85.3501,19.9426],[85.3213,19.9261],[85.2931,19.9207],[85.2776,19.9126],[85.2454,19.9054],[85.2245,19.9115],[85.1673,19.9045],[85.128,19.9333],[85.0985,19.9305],[85.091,19.924],[85.0562,19.9148],[85.0289,19.9033],[85.0102,19.8997],[84.9756,19.9049],[84.9404,19.897],[84.9363,19.8725],[84.9514,19.8683],[84.9724,19.8528],[84.9843,19.8243],[85,19.8169],[85.0097,19.8026],[85.0257,19.8077],[85.0442,19.8063],[85.0773,19.7915],[85.0878,19.7667],[85.1286,19.749],[85.1464,19.7283],[85.1494,19.7175],[85.1757,19.6824],[85.1845,19.6755],[85.2061,19.6843],[85.1943,19.6937],[85.1954,19.7177],[85.2091,19.7251],[85.2197,19.7456],[85.244,19.7477],[85.2428,19.7621],[85.2555,19.7698],[85.2534,19.7807],[85.3009,19.7975],[85.3281,19.8009],[85.3409,19.8104],[85.3442,19.8279],[85.3766,19.839],[85.3957,19.8587],[85.3968,19.8666],[85.4285,19.8935],[85.4497,19.8863],[85.4758,19.8915],[85.4841,19.884],[85.5034,19.8887],[85.5356,19.8864],[85.5648,19.8546],[85.5702,19.9043],[85.5669,19.9168],[85.5362,19.9278],[85.5098,19.9459],[85.5257,19.9752],[85.5477,19.9559],[85.5653,19.9495],[85.5697,19.9687],[85.5657,20.0118],[85.5969,20.0003],[85.6114,20.0006],[85.6313,20.0245],[85.6174,20.042],[85.6242,20.0659],[85.6485,20.0749],[85.6535,20.0656],[85.6803,20.0715],[85.6776,20.0868],[85.6873,20.098],[85.6774,20.1121],[85.6779,20.123],[85.6894,20.149],[85.7253,20.1427],[85.7333,20.1513],[85.7469,20.147],[85.7632,20.152],[85.7656,20.1666],[85.7811,20.1674],[85.7833,20.157],[85.8001,20.1505],[85.8066,20.1583],[85.8272,20.1584],[85.8406,20.1957],[85.8455,20.1747],[85.8677,20.1903],[85.8894,20.1764],[85.9022,20.1447],[85.8755,20.1223],[85.8856,20.11],[85.9001,20.1126],[85.9042,20.1232],[85.9274,20.114],[85.9515,20.1195],[85.9893,20.111],[86.0128,20.1145],[86.0209,20.1016],[86.0328,20.1073],[86.0827,20.1063]]]},"properties":{"DISTRICT":"Khordha","ST_NM":"Orissa","ST_CEN_CD":21,"DT_CEN_CD":17}},
{"type":"Feature","geometry":{"type":"Polygon","coordinates":[[[88.4108,22.56],[88.3978,22.5868],[88.3956,22.6219],[88.3921,22.6298],[88.3632,22.6332],[88.3633,22.6095],[88.347,22.577],[88.3324,22.5557],[88.3117,22.5482],[88.2743,22.5553],[88.29,22.5362],[88.2916,22.5177],[88.3319,22.5073],[88.3502,22.4986],[88.3679,22.4988],[88.3751,22.5265],[88.3832,22.5271],[88.4108,22.56]]]},"properties":{"DISTRICT":"Kolkata","ST_NM":"West Bengal","ST_CEN_CD":19,"DT_CEN_CD":16}},
{"type":"Feature","geometry":{"type":"MultiPolygon","coordinates":[[[[80.8677,17.0592],[80.8537,17.0412],[80.8414,17.0341],[80.8321,17.0461],[80.7941,17.0559],[80.7554,17.0631],[80.7345,17.0727],[80.6927,17.0768],[80.6844,17.0693],[80.6579,17.0626],[80.6427,17.0669],[80.6465,17.0799],[80.6641,17.0919],[80.655,17.1024],[80.6339,17.1096],[80.6384,17.1179],[80.6037,17.1274],[80.5821,17.143],[80.5688,17.1458],[80.5577,17.1314],[80.5051,17.109],[80.4954,17.0906],[80.4933,17.0641],[80.4804,17.0459],[80.4615,17.0448],[80.4549,17.0248],[80.4291,17.0326],[80.4229,17.0495],[80.4094,17.0618],[80.4036,17.0851],[80.3755,17.0641],[80.3869,17.0418],[80.3864,17.031],[80.3973,17.0218],[80.3951,17.0106],[80.3798,17.0035],[80.369,16.9782],[80.4063,16.9648],[80.4512,16.9528],[80.4856,16.9292],[80.4943,16.935],[80.5,16.9561],[80.5294,16.9444],[80.5405,16.9582],[80.5783,16.935],[80.593,16.9347],[80.5982,16.9153],[80.5909,16.9113],[80.5956,16.8822],[80.5738,16.8773],[80.5713,16.8446],[80.5635,16.8331],[80.5948,16.815],[80.6065,16.7935],[80.5782,16.7792],[80.5717,16.7712],[80.539,16.7784],[80.527,16.7771],[80.4984,16.7841],[80.4799,16.7965],[80.4652,16.7982],[80.4614,16.8234],[80.4316,16.8374],[80.4274,16.8504],[80.4084,16.8577],[80.4079,16.8396],[80.3817,16.8191],[80.3673,16.8628],[80.3436,16.8636],[80.346,16.875],[80.3279,16.8788],[80.3219,16.9198],[80.3099,16.9635],[80.2975,16.9844],[80.2706,17.0181],[80.2496,17.0103],[80.2263,17.027],[80.204,17.0254],[80.2026,17.0498],[80.1905,17.0522],[80.1756,17.0309],[80.1508,17.0088],[80.1422,16.9927],[80.1141,16.9886],[80.096,16.9947],[80.0926,16.9705],[80.0542,16.9725],[80.0454,16.9437],[80.0179,16.9145],[80.0034,16.8846],[80,16.8706],[80.0222,16.8603],[80.0415,16.8599],[80.0503,16.8335],[80.0781,16.8212],[80.0871,16.8312],[80.1109,16.834],[80.1203,16.8287],[80.1293,16.8124],[80.1374,16.7816],[80.1482,16.7556],[80.1493,16.7046],[80.1374,16.6781],[80.1462,16.6634],[80.1922,16.6394],[80.2278,16.6236],[80.2428,16.6221],[80.2985,16.6234],[80.3189,16.6258],[80.3749,16.6182],[80.3889,16.6026],[80.4151,16.6058],[80.4477,16.6034],[80.4836,16.5969],[80.5087,16.5853],[80.5668,16.5447],[80.6454,16.4992],[80.6728,16.4707],[80.6898,16.4437],[80.7385,16.382],[80.7762,16.327],[80.8096,16.2848],[80.8211,16.259],[80.8511,16.1745],[80.8692,16.1425],[80.8695,16.1203],[80.8784,16.0868],[80.8898,16.0741],[80.8923,16.0465],[80.9021,16.0241],[80.9054,16.0002],[80.904,15.9612],[80.9062,15.9234],[80.8849,15.8872],[80.8695,15.848],[80.8517,15.819],[80.8386,15.7682],[80.8193,15.7427],[80.8074,15.7339],[80.8039,15.7199],[80.8387,15.7066],[80.8783,15.7223],[80.915,15.7273],[80.9098,15.7547],[80.9379,15.7293],[80.9601,15.7358],[80.9872,15.7554],[80.989,15.7653],[80.9663,15.7839],[80.9492,15.8113],[80.9909,15.7783],[81.0071,15.7625],[81.0116,15.7756],[81.0001,15.8],[80.996,15.8243],[81.0129,15.8533],[81.0453,15.8972],[81.0794,15.9237],[81.1026,15.9363],[81.1397,15.9612],[81.1036,15.9991],[81.1137,16.0032],[81.1294,15.9824],[81.1529,15.9748],[81.1477,15.9929],[81.1476,16.0192],[81.161,16.0502],[81.1849,16.0844],[81.1999,16.1636],[81.2115,16.2049],[81.2226,16.2269],[81.266,16.2675],[81.2656,16.2942],[81.2456,16.3014],[81.2583,16.319],[81.2871,16.324],[81.3154,16.3384],[81.304,16.3487],[81.312,16.3592],[81.3474,16.3657],[81.3681,16.356],[81.382,16.3593],[81.4086,16.3814],[81.4093,16.356],[81.4046,16.3368],[81.4334,16.3422],[81.5286,16.3508],[81.5545,16.3601],[81.5479,16.387],[81.529,16.3933],[81.5012,16.384],[81.4848,16.3919],[81.4782,16.4065],[81.4548,16.4176],[81.4376,16.4133],[81.4212,16.4312],[81.4081,16.4324],[81.3971,16.451],[81.3868,16.4535],[81.372,16.4735],[81.3687,16.4879],[81.3714,16.5091],[81.3615,16.5178],[81.34,16.5137],[81.3313,16.5234],[81.3451,16.5407],[81.3549,16.5669],[81.3452,16.571],[81.3526,16.6054],[81.3339,16.6133],[81.3249,16.624],[81.3339,16.678],[81.3083,16.6915],[81.2854,16.6669],[81.2658,16.6057],[81.2387,16.592],[81.2365,16.5779],[81.2216,16.5781],[81.1861,16.6235],[81.1636,16.6207],[81.1503,16.5975],[81.1347,16.6062],[81.1119,16.5978],[81.0925,16.6119],[81.0821,16.599],[81.0913,16.5911],[81.0602,16.5761],[81.0445,16.5734],[81.021,16.5592],[81.0108,16.5613],[81.0042,16.5976],[80.9719,16.6328],[80.9643,16.653],[80.9704,16.6689],[80.9932,16.6424],[81.0163,16.6505],[81.0193,16.6644],[81.0097,16.6743],[80.9924,16.6811],[80.9833,16.7168],[81.0001,16.7219],[81.0126,16.7428],[81.0139,16.7637],[81.039,16.7977],[81.0362,16.8162],[81.0087,16.8402],[81,16.8695],[80.9893,16.8737],[80.964,16.9065],[80.9593,16.9238],[80.94,16.9466],[80.9356,16.9635],[80.9425,16.991],[80.962,17.0187],[80.9644,17.0409],[80.943,17.0644],[80.8994,17.0628],[80.8806,17.0669],[80.8677,17.0592]]],[[[81.3937,16.3338],[81.3689,16.334],[81.3519,16.3233],[81.2678,16.3113],[81.2794,16.2957],[81.2754,16.2783],[81.3269,16.3065],[81.3937,16.3338]]]]},"properties":{"DISTRICT":"Krishna","ST_NM":"Andhra Pradesh","ST_CEN_CD":28,"DT_CEN_CD":16}},
{"type":"Feature","geometry":{"type":"Polygon","coordinates":[[[78.4,32.526],[78.4272,32.5313],[78.4306,32.5489],[78.4439,32.5699],[78.4725,32.5835],[78.496,32.5809],[78.5149,32.5895],[78.5357,32.6086],[78.5734,32.6176],[78.5881,32.6159],[78.619,32.5961],[78.639,32.6097],[78.6479,32.6315],[78.6621,32.6536],[78.6804,32.6584],[78.7037,32.6566],[78.7231,32.6612],[78.7496,32.6816],[78.7691,32.6864],[78.7627,32.6551],[78.7792,32.6281],[78.7925,32.6184],[78.7943,32.5891],[78.7764,32.5731],[78.7768,32.5584],[78.7891,32.5359],[78.8071,32.4817],[78.8203,32.4624],[78.8272,32.4387],[78.8589,32.4406],[78.8753,32.4172],[78.9035,32.3929],[78.9601,32.367],[78.979,32.3392],[78.9938,32.3452],[79.0146,32.3773],[79.0335,32.3855],[79.0606,32.3906],[79.1151,32.3842],[79.1257,32.4136],[79.1432,32.4205],[79.1473,32.437],[79.132,32.4709],[79.1479,32.4811],[79.1951,32.483],[79.2416,32.5099],[79.2509,32.5341],[79.2772,32.534],[79.2951,32.5501],[79.3111,32.5718],[79.318,32.5902],[79.3395,32.592],[79.3945,32.5723],[79.3994,32.5371],[79.4242,32.5272],[79.4481,32.5325],[79.4558,32.5424],[79.4698,32.5763],[79.5024,32.5964],[79.5157,32.6081],[79.5671,32.6733],[79.5784,32.6787],[79.6269,32.7375],[79.6146,32.7643],[79.6032,32.777],[79.5873,32.774],[79.5733,32.7824],[79.5527,32.8046],[79.5421,32.8222],[79.5062,32.8672],[79.4815,32.891],[79.464,32.9201],[79.4223,32.9615],[79.4093,32.9701],[79.3835,32.9723],[79.3841,32.9891],[79.3682,32.9909],[79.3356,33.0163],[79.3823,33.0277],[79.3938,33.0362],[79.3935,33.0541],[79.3774,33.0847],[79.3934,33.1244],[79.4383,33.1898],[79.4506,33.2173],[79.4549,33.2585],[79.4265,33.268],[79.3658,33.2827],[79.3276,33.2726],[79.2779,33.2842],[79.2406,33.2978],[79.2086,33.2924],[79.1769,33.2945],[79.1706,33.291],[79.1342,33.2901],[79.0973,33.2946],[79.0258,33.3293],[79.0178,33.3355],[78.9934,33.3308],[78.9697,33.3741],[78.9537,33.3811],[78.95,33.4084],[78.9403,33.4123],[78.9333,33.4328],[78.9308,33.4655],[78.9418,33.4996],[78.9406,33.5266],[78.9278,33.5598],[78.9153,33.576],[78.9192,33.6336],[78.9498,33.6207],[78.9899,33.6112],[79.0302,33.6261],[79.0654,33.6268],[79.1055,33.6137],[79.0905,33.6571],[79.0921,33.6795],[79.054,33.6781],[79.029,33.6918],[79.0205,33.7057],[79.0262,33.7227],[79.0419,33.7368],[79.043,33.7497],[79.069,33.7578],[79.0538,33.7784],[79.0366,33.7819],[79.0202,33.7757],[79.0046,33.7985],[78.9535,33.8892],[78.9494,33.9166],[78.937,33.9272],[78.9212,33.9573],[78.9057,33.9762],[78.9272,33.9991],[78.9406,34.024],[79.0148,34.0503],[79.028,34.0484],[79.0444,34.0357],[79.0841,34.0219],[79.1126,34.0197],[79.1311,34.0243],[79.1438,34.0352],[79.1516,34.0681],[79.1788,34.0721],[79.1981,34.0512],[79.2198,34.0528],[79.2602,34.0484],[79.2744,34.0394],[79.306,34.043],[79.3757,34.0334],[79.3988,34.0271],[79.4197,34.0144],[79.4379,34.0286],[79.43,34.0434],[79.4142,34.0558],[79.4203,34.0781],[79.4342,34.0933],[79.4612,34.102],[79.4947,34.1359],[79.4893,34.1488],[79.4948,34.18],[79.5111,34.2105],[79.5371,34.2058],[79.5648,34.2178],[79.5842,34.2384],[79.5922,34.2817],[79.5596,34.3324],[79.5624,34.3582],[79.554,34.388],[79.5596,34.4112],[79.5435,34.4098],[79.5281,34.418],[79.5273,34.4455],[79.5085,34.4743],[79.5435,34.479],[79.5802,34.4899],[79.5933,34.5008],[79.6089,34.492],[79.6524,34.4884],[79.6609,34.4801],[79.7334,34.4783],[79.7675,34.4801],[79.794,34.4851],[79.8124,34.4969],[79.8152,34.5202],[79.8103,34.5313],[79.7585,34.5547],[79.759,34.566],[79.771,34.5821],[79.7925,34.5926],[79.772,34.6225],[79.8043,34.643],[79.8204,34.647],[79.8248,34.6611],[79.8607,34.6888],[79.9003,34.6913],[79.9446,34.6811],[79.9652,34.6875],[80.0445,34.7044],[80.069,34.7148],[80.0728,34.7461],[80.067,34.7906],[80.0731,34.8284],[80.084,34.8488],[80.1068,34.868],[80.1237,34.8934],[80.1709,34.9889],[80.1839,35.0405],[80.1859,35.0632],[80.1779,35.1369],[80.1835,35.1667],[80.2149,35.2038],[80.2287,35.2281],[80.2357,35.2766],[80.2709,35.3442],[80.2835,35.3879],[80.2811,35.4409],[80.2976,35.4608],[80.318,35.4635],[80.3286,35.4726],[80.3201,35.5047],[80.3113,35.5542],[80.2947,35.6024],[80.2759,35.6217],[80.2373,35.6419],[80.1895,35.6572],[80.1154,35.677],[80.1056,35.683],[80.0882,35.7252],[80.0582,35.7499],[80.0382,35.7998],[80.0176,35.824],[79.9992,35.8378],[79.9722,35.8407],[79.9539,35.8372],[79.9186,35.8223],[79.8767,35.7854],[79.8689,35.7828],[79.7964,35.7972],[79.746,35.8003],[79.7269,35.8053],[79.7164,35.8172],[79.6655,35.8353],[79.5849,35.8569],[79.5599,35.8618],[79.5184,35.8835],[79.4256,35.8951],[79.4031,35.9188],[79.3925,35.9549],[79.3868,35.9905],[79.3781,35.9953],[79.3448,35.9886],[79.2902,35.9897],[79.2418,35.9868],[79.2155,35.9788],[79.1898,35.9472],[79.1881,35.9274],[79.1978,35.8986],[79.1803,35.8702],[79.1395,35.8386],[79.1177,35.8366],[79.0638,35.8465],[79.028,35.8473],[79.0085,35.854],[78.9583,35.8917],[78.9399,35.8796],[78.9137,35.8756],[78.8633,35.8622],[78.8238,35.8558],[78.8045,35.8558],[78.7688,35.8697],[78.7189,35.8683],[78.6914,35.8563],[78.6582,35.854],[78.6346,35.828],[78.6109,35.8139],[78.5806,35.8081],[78.5777,35.7928],[78.5605,35.7925],[78.5213,35.7638],[78.5063,35.7725],[78.4647,35.7742],[78.4232,35.7853],[78.4126,35.7659],[78.3998,35.7563],[78.3905,35.7384],[78.3389,35.7206],[78.2733,35.722],[78.2675,35.711],[78.2721,35.6689],[78.2571,35.6546],[78.2364,35.6493],[78.1977,35.6663],[78.1998,35.6536],[78.1861,35.624],[78.1616,35.6265],[78.1665,35.6132],[78.1516,35.5782],[78.1567,35.552],[78.1373,35.5389],[78.111,35.5519],[78.0929,35.5562],[78.0777,35.5492],[78.0463,35.5853],[78.0243,35.5879],[77.991,35.5818],[77.9651,35.6039],[77.9673,35.575],[77.9612,35.5597],[77.9376,35.5322],[77.9337,35.5124],[77.9649,35.496],[77.9651,35.4791],[77.981,35.4683],[77.9719,35.4582],[77.9327,35.4894],[77.9207,35.4942],[77.906,35.4693],[77.8799,35.4859],[77.8689,35.4801],[77.8257,35.5104],[77.8083,35.5112],[77.7934,35.4982],[77.7784,35.4946],[77.7583,35.5022],[77.7374,35.5232],[77.7245,35.5151],[77.7255,35.4771],[77.684,35.4768],[77.6658,35.4726],[77.6507,35.4873],[77.624,35.4721],[77.582,35.4751],[77.5606,35.4862],[77.5504,35.482],[77.5169,35.4886],[77.4809,35.4779],[77.451,35.4204],[77.3372,35.2226],[77.2793,35.1451],[77.2494,35.135],[77.1598,35.1477],[77.1075,35.1499],[77.065,35.1398],[77.0425,35.1031],[77.0448,35.0744],[77.0945,35.0435],[77.1092,34.9985],[77.109,34.9616],[77.0938,34.9145],[77.0688,34.8798],[77.0414,34.8676],[76.9643,34.8494],[76.8474,34.8333],[76.5393,34.8254],[76.3751,34.8331],[76.4125,34.8007],[76.4248,34.777],[76.4372,34.7634],[76.4557,34.7329],[76.466,34.7041],[76.4824,34.682],[76.5111,34.6719],[76.5686,34.643],[76.587,34.6261],[76.5993,34.6074],[76.6095,34.5803],[76.6156,34.5311],[76.6503,34.4259],[76.6746,34.3241],[76.6806,34.2885],[76.6949,34.2648],[76.7112,34.2461],[76.6723,34.1885],[76.6579,34.158],[76.6333,34.0936],[76.6292,34.058],[76.6353,34.0207],[76.6535,33.9901],[76.7124,33.9222],[76.7571,33.8916],[76.7976,33.8678],[76.8687,33.8438],[76.9174,33.8233],[76.978,33.7756],[77.0084,33.767],[77.0936,33.7582],[77.1546,33.7612],[77.2235,33.7456],[77.2719,33.7131],[77.3058,33.6535],[77.3279,33.6279],[77.4331,33.6119],[77.4615,33.6133],[77.4898,33.6097],[77.518,33.5976],[77.53,33.5806],[77.5252,33.5246],[77.4985,33.4876],[77.4636,33.4489],[77.4391,33.4287],[77.3903,33.4003],[77.3638,33.3818],[77.3454,33.3616],[77.337,33.321],[77.3346,33.2854],[77.3444,33.2565],[77.3441,33.2277],[77.3358,33.2057],[77.2951,33.1636],[77.2665,33.1264],[77.2621,33.0858],[77.2618,33.0519],[77.2716,33.0213],[77.2587,32.9248],[77.2383,32.8949],[77.2417,32.8807],[77.2652,32.8628],[77.2759,32.8743],[77.2919,32.8576],[77.3063,32.8505],[77.3227,32.8519],[77.3392,32.8202],[77.3535,32.8166],[77.374,32.823],[77.3803,32.8443],[77.3763,32.8542],[77.3971,32.8786],[77.4132,32.8851],[77.4278,32.8759],[77.4434,32.8814],[77.4539,32.8636],[77.4729,32.8594],[77.5023,32.8842],[77.5121,32.8791],[77.5374,32.885],[77.5626,32.9093],[77.5875,32.9192],[77.5995,32.9368],[77.6309,32.939],[77.6565,32.9537],[77.6713,32.9569],[77.6833,32.9836],[77.6976,32.9753],[77.7306,32.9693],[77.7776,32.9248],[77.8081,32.9027],[77.8049,32.889],[77.7907,32.8882],[77.7793,32.8621],[77.7856,32.8557],[77.8169,32.8431],[77.8261,32.8332],[77.843,32.8371],[77.8655,32.8256],[77.8791,32.8133],[77.8848,32.7874],[77.8987,32.7725],[77.9173,32.7724],[77.9357,32.7539],[77.9209,32.69],[77.9378,32.6764],[77.9565,32.6449],[77.9702,32.6372],[77.9718,32.6228],[77.9942,32.5887],[78.0349,32.5837],[78.0533,32.5886],[78.059,32.602],[78.052,32.6124],[78.0617,32.6255],[78.085,32.6223],[78.0906,32.6411],[78.111,32.6589],[78.1338,32.6391],[78.1443,32.6458],[78.1537,32.667],[78.1703,32.6757],[78.1882,32.6739],[78.2017,32.6605],[78.2194,32.6618],[78.2427,32.6722],[78.2544,32.6913],[78.2906,32.6995],[78.3136,32.7094],[78.3056,32.7345],[78.3627,32.7601],[78.3908,32.7567],[78.3892,32.7303],[78.3958,32.7159],[78.3855,32.6961],[78.381,32.6685],[78.3887,32.6346],[78.4066,32.6197],[78.3583,32.5895],[78.3494,32.5813],[78.3142,32.574],[78.3167,32.5257],[78.296,32.5043],[78.3278,32.4722],[78.3739,32.509],[78.4,32.526]]]},"properties":{"DISTRICT":"Leh (ladakh)","ST_NM":"Jammu and Kashmir","ST_CEN_CD":1,"DT_CEN_CD":3}},
{"type":"Feature","geometry":{"type":"Polygon","coordinates":[[[96.7036,27.6601],[96.6837,27.6685],[96.6524,27.6734],[96.6329,27.6842],[96.6226,27.6983],[96.6243,27.7198],[96.6435,27.7375],[96.617,27.7656],[96.6163,27.7735],[96.6383,27.8032],[96.6339,27.827],[96.6228,27.8354],[96.6239,27.8477],[96.612,27.8593],[96.5896,27.8529],[96.5544,27.8855],[96.5324,27.9003],[96.5139,27.9053],[96.4346,27.9136],[96.4201,27.9228],[96.4001,27.957],[96.3954,27.9746],[96.3746,27.9974],[96.3376,28.0224],[96.2914,28.0614],[96.2769,28.0799],[96.2766,28.0908],[96.3059,28.1054],[96.3309,28.1307],[96.3295,28.1474],[96.3392,28.1718],[96.3391,28.1847],[96.3015,28.2362],[96.2986,28.2675],[96.3149,28.2984],[96.338,28.3275],[96.3407,28.3391],[96.3322,28.354],[96.3077,28.3736],[96.2959,28.3478],[96.2704,28.33],[96.2588,28.3088],[96.2418,28.2992],[96.2715,28.2386],[96.2338,28.2383],[96.2069,28.2217],[96.1685,28.1838],[96.1474,28.1749],[96.1212,28.1775],[96.1081,28.1893],[96.0807,28.1902],[96.0638,28.1965],[96.0527,28.1933],[96.0502,28.1712],[96.0338,28.1598],[96.0364,28.1467],[96.029,28.1296],[96.0135,28.1173],[96.0052,28.0951],[95.9835,28.0717],[95.9969,28.052],[95.991,28],[95.9948,27.9743],[95.9789,27.9628],[95.9537,27.9361],[95.9567,27.9211],[95.9299,27.8848],[95.9127,27.8673],[95.8963,27.8615],[95.8934,27.8513],[95.875,27.834],[95.8534,27.8284],[95.8446,27.8157],[95.8244,27.8035],[95.8076,27.7778],[95.7817,27.7525],[95.7859,27.734],[95.7594,27.7254],[95.7716,27.7102],[95.7737,27.6941],[95.7942,27.6864],[95.7814,27.6733],[95.7802,27.6546],[95.8024,27.643],[95.7882,27.6263],[95.7989,27.6017],[95.825,27.5969],[95.822,27.5755],[95.8406,27.5604],[95.8528,27.5594],[95.863,27.5462],[95.882,27.5468],[96.0022,27.5592],[96.0054,27.5563],[96.0446,27.5862],[96.057,27.5925],[96.0651,27.606],[96.1293,27.6192],[96.1437,27.6067],[96.196,27.5879],[96.2284,27.5678],[96.2678,27.5629],[96.2925,27.555],[96.3313,27.5788],[96.3399,27.598],[96.3519,27.6057],[96.3554,27.6241],[96.3763,27.6446],[96.3873,27.6384],[96.3977,27.6483],[96.4477,27.6517],[96.456,27.6407],[96.4839,27.6456],[96.5227,27.6362],[96.5343,27.6463],[96.5532,27.6464],[96.57,27.6564],[96.5999,27.6536],[96.6175,27.6377],[96.6444,27.6275],[96.6618,27.6333],[96.6728,27.6469],[96.7036,27.6601]]]},"properties":{"DISTRICT":"Lohit","ST_NM":"Arunanchal Pradesh","ST_CEN_CD":12,"DT_CEN_CD":15}},
{"type":"Feature","geometry":{"type":"Polygon","coordinates":[[[94.3205,27.7736],[94.3087,27.7833],[94.2608,27.8074],[94.1968,27.8111],[94.1952,27.8362],[94.1737,27.8451],[94.1635,27.8434],[94.1524,27.8656],[94.1319,27.8575],[94.0998,27.8595],[94.0775,27.849],[94.0634,27.8691],[94.0594,27.9059],[94.0511,27.9142],[94.0715,27.9388],[94.0523,27.9522],[94.0361,27.9571],[94.0189,27.9549],[93.9837,27.9422],[93.9645,27.9226],[93.9413,27.9185],[93.9144,27.9203],[93.886,27.9093],[93.8941,27.8968],[93.9251,27.8924],[93.9307,27.8745],[93.9139,27.8373],[93.9201,27.8179],[93.948,27.8029],[93.9599,27.7834],[93.9861,27.7633],[93.9876,27.7508],[93.9714,27.7364],[93.9163,27.7268],[93.8924,27.7053],[93.8736,27.6996],[93.8164,27.6913],[93.7784,27.6622],[93.7266,27.6727],[93.6891,27.6479],[93.6654,27.6426],[93.6344,27.6468],[93.6152,27.6676],[93.518,27.6498],[93.5657,27.6015],[93.621,27.5318],[93.6107,27.4933],[93.5712,27.4715],[93.5587,27.4521],[93.5606,27.4376],[93.5819,27.4343],[93.5992,27.4004],[93.6036,27.3671],[93.6163,27.3568],[93.6343,27.3599],[93.659,27.348],[93.6692,27.3358],[93.6886,27.3351],[93.7151,27.3462],[93.744,27.3523],[93.7705,27.3457],[93.788,27.35],[93.8098,27.3707],[93.8302,27.3576],[93.8389,27.363],[93.8385,27.392],[93.831,27.4068],[93.8307,27.4243],[93.8532,27.4398],[93.8559,27.4645],[93.8922,27.4907],[93.9452,27.5109],[94.0486,27.4988],[94.0719,27.482],[94.0973,27.4828],[94.123,27.4969],[94.1422,27.5137],[94.1539,27.5301],[94.1943,27.5354],[94.2088,27.5308],[94.2145,27.5119],[94.2239,27.5038],[94.262,27.5202],[94.2588,27.5542],[94.2289,27.5725],[94.2254,27.5976],[94.2136,27.6078],[94.2345,27.6374],[94.2702,27.6654],[94.3057,27.6844],[94.3254,27.7027],[94.355,27.714],[94.3456,27.7259],[94.3236,27.7343],[94.3134,27.7449],[94.3205,27.7736]]]},"properties":{"DISTRICT":"Lower Subansiri","ST_NM":"Arunanchal Pradesh","ST_CEN_CD":12,"DT_CEN_CD":11}},
{"type":"Feature","geometry":{"type":"Polygon","coordinates":[[[81.166,26.5925],[81.1649,26.6025],[81.1839,26.6187],[81.1722,26.627],[81.1704,26.6481],[81.1884,26.6674],[81.1891,26.6745],[81.219,26.7061],[81.2037,26.7285],[81.2047,26.7416],[81.1886,26.7615],[81.2166,26.7823],[81.1937,26.7916],[81.1591,26.7755],[81.157,26.8137],[81.1459,26.8114],[81.133,26.8326],[81.094,26.8378],[81.0921,26.8582],[81.1023,26.8704],[81.0917,26.8914],[81.1,26.8997],[81.0958,26.9145],[81.0822,26.9089],[81.0606,26.9302],[81.0433,26.9387],[81.0455,26.9557],[81.0255,26.9724],[81.0305,26.9853],[81,27],[80.9959,27.0393],[80.9785,27.0354],[80.9728,27.0556],[81,27.075],[81.0174,27.0649],[81.0393,27.0701],[81.0531,27.0797],[81.0519,27.0899],[81.0233,27.1038],[81.0284,27.1132],[81.0121,27.1405],[80.9788,27.1378],[80.9486,27.1481],[80.9293,27.159],[80.9048,27.1498],[80.8941,27.1277],[80.8815,27.1291],[80.8565,27.1212],[80.8273,27.1014],[80.8188,27.0974],[80.7944,27.1097],[80.7835,27.0979],[80.7707,27.1023],[80.7424,27.1016],[80.7118,27.08],[80.7118,27.0676],[80.6861,27.0632],[80.6667,27.0748],[80.6468,27.0786],[80.6374,27.0589],[80.6235,27.0568],[80.621,27.0453],[80.6075,27.0367],[80.599,27.0422],[80.5882,27.0265],[80.5605,27.0108],[80.58,27.0008],[80.5877,26.9858],[80.6001,26.9839],[80.5984,26.9626],[80.571,26.9548],[80.5609,26.9364],[80.5818,26.9256],[80.5919,26.9421],[80.6074,26.9448],[80.6237,26.9088],[80.6411,26.903],[80.6274,26.8887],[80.6459,26.8769],[80.6809,26.8606],[80.6938,26.85],[80.6922,26.8374],[80.7029,26.8301],[80.7277,26.7942],[80.7407,26.7894],[80.7377,26.7757],[80.7507,26.7646],[80.7319,26.7544],[80.6969,26.7628],[80.7026,26.747],[80.7008,26.717],[80.7177,26.6996],[80.6991,26.6888],[80.7294,26.6559],[80.7463,26.6662],[80.7442,26.6744],[80.7571,26.6862],[80.7818,26.6669],[80.7945,26.6464],[80.8255,26.6598],[80.8428,26.663],[80.8542,26.6486],[80.873,26.6423],[80.8831,26.6313],[80.8724,26.6214],[80.8897,26.6119],[80.8919,26.5979],[80.9078,26.5972],[80.9277,26.5843],[80.9369,26.5676],[80.9657,26.5571],[81,26.5349],[81.0259,26.5234],[81.0446,26.5021],[81.0776,26.5227],[81.0909,26.538],[81.1039,26.5624],[81.127,26.5595],[81.143,26.5862],[81.166,26.5925]]]},"properties":{"DISTRICT":"Lucknow","ST_NM":"Uttar Pradesh","ST_CEN_CD":9,"DT_CEN_CD":26}},
{"type":"Feature","geometry":{"type":"Polygon","coordinates":[[[75.9536,31.0119],[75.9421,31.0081],[75.9174,31.0192],[75.8985,31.0069],[75.8458,31.0104],[75.8066,30.9946],[75.7854,30.9973],[75.7599,31.015],[75.738,31.0113],[75.7307,31.0043],[75.7071,30.999],[75.6741,30.9857],[75.6439,30.9813],[75.5962,30.9692],[75.5745,30.9778],[75.5391,30.9728],[75.5103,30.974],[75.4944,30.9706],[75.4753,30.9769],[75.4212,30.9866],[75.4097,30.9795],[75.3908,30.9858],[75.3554,30.9889],[75.3658,30.9732],[75.3626,30.9569],[75.3781,30.9119],[75.3934,30.9091],[75.4072,30.8939],[75.3983,30.8709],[75.374,30.8566],[75.3714,30.8396],[75.3778,30.8208],[75.3967,30.8089],[75.3923,30.7832],[75.3779,30.7483],[75.3772,30.7303],[75.3872,30.7219],[75.3726,30.7091],[75.3726,30.6819],[75.3815,30.6636],[75.3735,30.6489],[75.3813,30.6224],[75.395,30.6262],[75.4044,30.6128],[75.3994,30.591],[75.408,30.5824],[75.4276,30.5835],[75.4652,30.6039],[75.4953,30.5982],[75.5182,30.5985],[75.5316,30.6111],[75.54,30.5939],[75.554,30.6029],[75.5456,30.6167],[75.5509,30.6333],[75.585,30.6244],[75.5953,30.6163],[75.6132,30.622],[75.6264,30.6137],[75.6551,30.6345],[75.6558,30.6353],[75.6703,30.6499],[75.6875,30.65],[75.6947,30.638],[75.7109,30.6405],[75.7274,30.6181],[75.7404,30.6288],[75.7661,30.6349],[75.7895,30.6232],[75.8002,30.6314],[75.7812,30.6431],[75.7703,30.6722],[75.7848,30.6713],[75.7913,30.6597],[75.8175,30.6643],[75.8257,30.6789],[75.843,30.6863],[75.8536,30.6706],[75.8808,30.675],[75.8949,30.66],[75.8966,30.6464],[75.8764,30.6382],[75.8902,30.6203],[75.8903,30.6101],[75.9055,30.6044],[75.9187,30.6091],[75.9309,30.5957],[75.9287,30.5759],[75.9377,30.569],[75.9575,30.5761],[75.9627,30.5876],[76.0036,30.6022],[76.0071,30.6109],[76.028,30.6149],[76.0355,30.5892],[76.0592,30.579],[76.0715,30.5638],[76.0836,30.5618],[76.1072,30.5622],[76.1131,30.5896],[76.1239,30.5964],[76.115,30.6135],[76.1296,30.63],[76.1513,30.6379],[76.1525,30.653],[76.2165,30.6777],[76.2256,30.6886],[76.2413,30.6802],[76.2655,30.6747],[76.2818,30.6808],[76.2985,30.6793],[76.3063,30.6671],[76.33,30.6663],[76.3448,30.6794],[76.35,30.6932],[76.3472,30.7114],[76.3271,30.7086],[76.3134,30.7255],[76.2911,30.713],[76.2694,30.7366],[76.2648,30.7652],[76.2523,30.7996],[76.2622,30.8214],[76.2546,30.8362],[76.2824,30.8745],[76.3112,30.8725],[76.3371,30.8587],[76.3701,30.8724],[76.3749,30.878],[76.3694,30.8992],[76.3488,30.9123],[76.3393,30.9068],[76.3215,30.8782],[76.3207,30.9152],[76.3243,30.9308],[76.3185,30.9513],[76.316,30.9831],[76.3084,30.9916],[76.2901,30.9799],[76.2718,30.9798],[76.2536,30.9949],[76.2183,30.9989],[76.2136,31.0065],[76.1838,31.0006],[76.1348,30.9864],[76.1027,30.9871],[76.087,30.9936],[76.0563,30.9973],[76.0157,30.9948],[76,30.989],[75.9915,31.0102],[75.9572,31.0191],[75.9536,31.0119]]]},"properties":{"DISTRICT":"Ludhiana","ST_NM":"Punjab","ST_CEN_CD":3,"DT_CEN_CD":7}},
{"type":"Feature","geometry":{"type":"Polygon","coordinates":[[[78.1402,9.7608],[78.1458,9.7835],[78.1434,9.8059],[78.171,9.7978],[78.1707,9.7823],[78.1769,9.7707],[78.1932,9.8068],[78.1729,9.8284],[78.1578,9.8269],[78.1396,9.8107],[78.1274,9.8431],[78.1403,9.8554],[78.1541,9.8504],[78.1555,9.8729],[78.1669,9.875],[78.1802,9.8667],[78.2039,9.8747],[78.2239,9.8643],[78.2477,9.8583],[78.2402,9.8461],[78.2599,9.834],[78.265,9.8569],[78.2536,9.8723],[78.2892,9.8692],[78.2994,9.8609],[78.3135,9.8651],[78.3182,9.8823],[78.3145,9.8992],[78.3195,9.923],[78.3403,9.9353],[78.3565,9.9382],[78.3733,9.9326],[78.3776,9.9626],[78.3944,9.9527],[78.4582,9.9678],[78.4554,9.9817],[78.4621,10.0105],[78.4463,10.0328],[78.4324,10.0366],[78.4292,10.0521],[78.4517,10.0602],[78.458,10.0819],[78.4578,10.1003],[78.4694,10.1076],[78.4702,10.1179],[78.4522,10.1188],[78.4339,10.1344],[78.4271,10.1306],[78.4039,10.1369],[78.4149,10.159],[78.4002,10.1646],[78.3962,10.1777],[78.4127,10.2125],[78.3986,10.2255],[78.3961,10.2461],[78.4235,10.2568],[78.4237,10.2683],[78.4043,10.2752],[78.3881,10.2692],[78.3806,10.309],[78.3649,10.2929],[78.3341,10.2999],[78.3283,10.2843],[78.3315,10.2449],[78.3289,10.2258],[78.3208,10.2135],[78.3,10.1958],[78.266,10.1751],[78.2594,10.1602],[78.2813,10.1639],[78.2841,10.1482],[78.2729,10.13],[78.2705,10.1091],[78.2616,10.0995],[78.2598,10.0855],[78.216,10.0751],[78.1787,10.0922],[78.1605,10.1106],[78.1636,10.1402],[78.1497,10.1745],[78.1415,10.1824],[78.1215,10.1889],[78.1075,10.1837],[78.073,10.1827],[78.072,10.1785],[78.0305,10.1793],[78.0191,10.1596],[78.0001,10.159],[77.9888,10.1425],[77.9748,10.1312],[77.9528,10.1402],[77.9487,10.1205],[77.9371,10.1067],[77.9389,10.0861],[77.9199,10.083],[77.9058,10.069],[77.8954,10.0717],[77.8767,10.0591],[77.8667,10.0732],[77.8547,10.0752],[77.8235,10.0667],[77.8025,10.0644],[77.7822,10.0498],[77.7642,10.0554],[77.7422,10.0342],[77.7232,10.0224],[77.711,10.0202],[77.6983,10.0129],[77.6932,9.9677],[77.683,9.9689],[77.6749,9.9546],[77.6807,9.9344],[77.6665,9.9151],[77.6575,9.9185],[77.6497,9.8907],[77.6367,9.8726],[77.6226,9.8634],[77.6184,9.8377],[77.6248,9.8225],[77.6074,9.794],[77.6004,9.7767],[77.5695,9.7478],[77.546,9.7042],[77.5368,9.6761],[77.526,9.6607],[77.5051,9.6494],[77.5059,9.6364],[77.4877,9.6136],[77.4869,9.6063],[77.4643,9.5788],[77.4784,9.5626],[77.4989,9.5766],[77.4996,9.5882],[77.5165,9.6121],[77.5204,9.6382],[77.5441,9.6597],[77.5447,9.6458],[77.5866,9.666],[77.5937,9.68],[77.6113,9.6978],[77.6307,9.7065],[77.6442,9.7053],[77.6535,9.6872],[77.6694,9.6767],[77.6961,9.6923],[77.7253,9.6932],[77.7652,9.6798],[77.7663,9.6608],[77.7762,9.6404],[77.8071,9.6419],[77.8438,9.6355],[77.8476,9.6502],[77.8915,9.6418],[77.9022,9.6247],[77.9256,9.6462],[77.9539,9.6482],[77.9643,9.6452],[77.9754,9.6303],[78.0034,9.6489],[78.0155,9.6392],[78.0411,9.6764],[78.062,9.6705],[78.061,9.6599],[78.0787,9.6598],[78.089,9.6755],[78.081,9.7056],[78.0634,9.7409],[78.0852,9.7589],[78.1019,9.7549],[78.1044,9.7665],[78.0908,9.7765],[78.1095,9.7849],[78.1339,9.7646],[78.1402,9.7608]]]},"properties":{"DISTRICT":"Madurai","ST_NM":"Tamil Nadu","ST_CEN_CD":33,"DT_CEN_CD":22}},
{"type":"Feature","geometry":{"type":"Polygon","coordinates":[[[78.1372,29.2534],[78.1096,29.2513],[78.0825,29.261],[78.0372,29.2618],[78.0225,29.2481],[78,29.249],[77.9911,29.2342],[77.9782,29.2376],[77.9632,29.2279],[77.9442,29.2305],[77.9294,29.2098],[77.9117,29.212],[77.9019,29.2058],[77.8688,29.2224],[77.8525,29.1976],[77.8119,29.1954],[77.8039,29.1804],[77.7821,29.1804],[77.7843,29.1954],[77.7505,29.2144],[77.7199,29.2221],[77.6938,29.2234],[77.6851,29.2458],[77.6651,29.25],[77.6574,29.2432],[77.6516,29.2222],[77.634,29.2256],[77.6255,29.2472],[77.5892,29.2559],[77.5704,29.2385],[77.5716,29.2312],[77.5507,29.2226],[77.5075,29.1901],[77.4991,29.1794],[77.477,29.1831],[77.4802,29.1435],[77.4615,29.1365],[77.4622,29.1262],[77.4469,29.1211],[77.4474,29.1105],[77.4323,29.0861],[77.4352,29.0767],[77.4596,29.0672],[77.4502,29.0318],[77.4619,29.023],[77.4659,28.9888],[77.4772,28.9605],[77.4616,28.9204],[77.4618,28.9056],[77.4925,28.8996],[77.5084,28.9007],[77.5357,28.8882],[77.5583,28.8958],[77.5708,28.8886],[77.591,28.8911],[77.5972,28.8746],[77.6188,28.8787],[77.6554,28.8788],[77.6603,28.8686],[77.6932,28.875],[77.7071,28.8482],[77.7029,28.8236],[77.7181,28.809],[77.7172,28.7875],[77.6955,28.7753],[77.6909,28.7579],[77.6976,28.7433],[77.7325,28.7364],[77.7518,28.7495],[77.7878,28.7673],[77.7925,28.7859],[77.812,28.7929],[77.8542,28.8014],[77.8715,28.7998],[77.8681,28.8224],[77.8612,28.8339],[77.8622,28.8533],[77.8685,28.862],[77.8838,28.8567],[77.8972,28.8662],[77.9271,28.8548],[77.9295,28.8392],[77.9463,28.8449],[77.9688,28.8434],[77.9771,28.8562],[77.9953,28.8512],[78.0121,28.8602],[78.0346,28.8632],[78.0581,28.8539],[78.0892,28.8511],[78.116,28.8563],[78.1042,28.8778],[78.0909,28.8782],[78.0637,28.8926],[78.071,28.9147],[78.0587,28.9371],[78.0656,28.9556],[78.0937,28.9767],[78.0951,29.0002],[78.1012,29.0257],[78.0847,29.0681],[78.1059,29.0834],[78.1161,29.0972],[78.1093,29.1402],[78.1193,29.1595],[78.1359,29.1653],[78.1403,29.1914],[78.1271,29.2054],[78.1296,29.2357],[78.1372,29.2534]]]},"properties":{"DISTRICT":"Meerut","ST_NM":"Uttar Pradesh","ST_CEN_CD":9,"DT_CEN_CD":7}},
{"type":"Feature","geometry":{"type":"Polygon","coordinates":[[[72.9586,18.9873],[72.9615,18.9998],[72.9785,19.0327],[72.972,19.0596],[72.9678,19.0936],[72.9703,19.1117],[72.9796,19.1337],[72.9829,19.156],[72.9711,19.1767],[72.9373,19.1897],[72.9373,19.205],[72.9275,19.2132],[72.9068,19.2419],[72.8565,19.2692],[72.8381,19.2639],[72.837,19.2528],[72.8182,19.2455],[72.8003,19.261],[72.7815,19.2632],[72.779,19.2161],[72.7842,19.1946],[72.7942,19.1906],[72.7917,19.1685],[72.781,19.1603],[72.7869,19.1483],[72.7836,19.1252],[72.7952,19.1246],[72.7998,19.1375],[72.8177,19.1225],[72.822,19.1097],[72.8218,19.0752],[72.8169,19.0644],[72.8177,19.0325],[72.8594,19.0547],[72.8771,19.0457],[72.8712,19.0225],[72.8847,19.0127],[72.879,18.9915],[72.8824,18.9812],[72.8968,18.9788],[72.9586,18.9873]]]},"properties":{"DISTRICT":"Mumbai Suburban","ST_NM":"Maharashtra","ST_CEN_CD":27,"DT_CEN_CD":22}},
{"type":"Feature","geometry":{"type":"Polygon","coordinates":[[[93.3045,26.5782],[93.2965,26.5861],[93.3024,26.6048],[93.2884,26.6349],[93.3113,26.6366],[93.3224,26.657],[93.3117,26.6688],[93.3189,26.6854],[93.3093,26.6981],[93.2904,26.6871],[93.2665,26.6817],[93.2469,26.6837],[93.2351,26.6656],[93.2312,26.6446],[93.2182,26.6255],[93.1737,26.6097],[93.1621,26.5988],[93.1244,26.5774],[93.1074,26.5757],[93.0744,26.5945],[93.0416,26.5941],[93.0091,26.5982],[92.9907,26.6132],[92.9657,26.6183],[92.9443,26.6171],[92.9243,26.5981],[92.8967,26.5954],[92.8712,26.5822],[92.8522,26.5852],[92.8259,26.5749],[92.8021,26.5585],[92.7737,26.5562],[92.7556,26.5117],[92.7292,26.5225],[92.727,26.5351],[92.7054,26.5257],[92.6842,26.5092],[92.6661,26.5202],[92.6418,26.5173],[92.581,26.5],[92.529,26.5092],[92.4671,26.4975],[92.4535,26.5185],[92.4249,26.5167],[92.4401,26.499],[92.4427,26.4846],[92.4342,26.4183],[92.4421,26.4051],[92.5068,26.3822],[92.5514,26.3605],[92.555,26.3385],[92.5405,26.324],[92.5362,26.3009],[92.523,26.277],[92.5068,26.256],[92.4956,26.2513],[92.4384,26.243],[92.4326,26.2349],[92.4074,26.1503],[92.4023,26.1382],[92.4135,26.1355],[92.4061,26.1177],[92.4219,26.1185],[92.4319,26.1103],[92.4543,26.1341],[92.4712,26.1463],[92.4937,26.149],[92.5114,26.1411],[92.5306,26.1428],[92.5238,26.1244],[92.5234,26.1017],[92.5404,26.0976],[92.5565,26.1133],[92.5792,26.11],[92.579,26.0942],[92.5993,26.0761],[92.5875,26.054],[92.5846,26.03],[92.5729,26.0008],[92.5522,25.9701],[92.5733,25.9607],[92.5937,25.9645],[92.6009,25.9755],[92.6154,25.9774],[92.6584,25.9986],[92.6586,26.0192],[92.6709,26.028],[92.6965,26.0189],[92.7173,26.0214],[92.7145,26.049],[92.7205,26.0574],[92.7527,26.061],[92.7495,26.0403],[92.7655,26.0301],[92.7618,26.0147],[92.7771,25.9937],[92.7689,25.9844],[92.7652,25.964],[92.7802,25.9496],[92.8001,25.963],[92.7943,25.9364],[92.8052,25.9186],[92.824,25.9224],[92.8495,25.9047],[92.8577,25.8889],[92.8769,25.8668],[92.8951,25.8655],[92.966,25.8745],[92.9872,25.8751],[93,25.854],[93.012,25.8459],[93.0167,25.8319],[93.049,25.7946],[93.0726,25.7746],[93.109,25.7742],[93.125,25.7625],[93.1303,25.7501],[93.1479,25.7374],[93.1451,25.7129],[93.17,25.7169],[93.185,25.7295],[93.223,25.7252],[93.2347,25.7474],[93.2352,25.7639],[93.2521,25.7867],[93.2514,25.8076],[93.2453,25.8367],[93.2368,25.8531],[93.188,25.9023],[93.1784,25.9403],[93.1672,25.956],[93.1585,25.9803],[93.1602,25.9904],[93.143,26.0173],[93.1254,26.0313],[93.0965,26.032],[93.1083,26.0701],[93.0925,26.0745],[93.086,26.0838],[93.0638,26.0812],[93.04,26.09],[93.0373,26.1027],[93.0117,26.1112],[92.9999,26.1207],[92.9703,26.1285],[92.9602,26.1388],[92.946,26.1361],[92.9439,26.1521],[92.9583,26.1734],[92.9554,26.1877],[92.9443,26.2008],[92.9108,26.2016],[92.8844,26.2084],[92.8516,26.2014],[92.8244,26.2062],[92.8033,26.2021],[92.7996,26.2215],[92.8208,26.2151],[92.8291,26.2235],[92.8183,26.2384],[92.8219,26.2652],[92.8414,26.2805],[92.8502,26.3043],[92.8815,26.2856],[92.8941,26.2893],[92.9019,26.3077],[92.9231,26.3131],[92.9441,26.3266],[92.9434,26.3508],[92.915,26.3553],[92.9215,26.3734],[92.9062,26.3827],[92.9148,26.3923],[92.9536,26.4036],[92.9656,26.4135],[93.0063,26.4257],[93.0326,26.4241],[93.0473,26.4374],[93.0575,26.4212],[93.0783,26.4205],[93.0764,26.4338],[93.1096,26.4492],[93.1316,26.4644],[93.1324,26.4879],[93.1171,26.484],[93.0936,26.4683],[93.0792,26.4763],[93.0721,26.4893],[93.0504,26.4878],[93.0226,26.4775],[93.0088,26.4937],[93.0154,26.5041],[93.0364,26.5128],[93.047,26.5354],[93.0638,26.5417],[93.0934,26.5433],[93.1078,26.5309],[93.1381,26.5407],[93.1504,26.5554],[93.1581,26.5475],[93.1893,26.5675],[93.2139,26.556],[93.1992,26.5402],[93.2103,26.5179],[93.2243,26.5366],[93.2477,26.5304],[93.2518,26.5207],[93.2809,26.5201],[93.2791,26.542],[93.2659,26.5375],[93.2411,26.5491],[93.254,26.5681],[93.2881,26.5711],[93.3045,26.5782]]]},"properties":{"DISTRICT":"Nagaon","ST_NM":"Assam","ST_CEN_CD":18,"DT_CEN_CD":6}},
{"type":"Feature","geometry":{"type":"Polygon","coordinates":[[[79.5119,21.5894],[79.5129,21.6015],[79.5043,21.6115],[79.5185,21.6256],[79.4946,21.6731],[79.4645,21.6863],[79.4468,21.6812],[79.4174,21.6899],[79.4007,21.6735],[79.328,21.6872],[79.3232,21.6847],[79.2907,21.6927],[79.2635,21.7163],[79.2339,21.7206],[79.2406,21.7139],[79.2277,21.6993],[79.224,21.68],[79.2342,21.6702],[79.2327,21.6565],[79.2224,21.649],[79.1536,21.6593],[79.1468,21.6383],[79.1334,21.6268],[79.1048,21.6177],[79.1098,21.6081],[79.0937,21.598],[79.0872,21.6059],[79.0563,21.6027],[79.0365,21.6043],[79.0151,21.6002],[79,21.6174],[78.9803,21.6162],[78.9678,21.6045],[78.9458,21.5924],[78.9187,21.591],[78.9182,21.5618],[78.9099,21.5535],[78.9272,21.5419],[78.9289,21.5225],[78.9418,21.5181],[78.9373,21.4862],[78.926,21.4864],[78.9012,21.4993],[78.8908,21.4843],[78.8569,21.4944],[78.8495,21.4887],[78.7899,21.4878],[78.7775,21.4658],[78.7663,21.4884],[78.7517,21.4925],[78.7441,21.4716],[78.7294,21.463],[78.6892,21.4806],[78.6642,21.4775],[78.6425,21.4828],[78.626,21.4761],[78.6104,21.4869],[78.5899,21.4854],[78.565,21.5131],[78.5423,21.523],[78.5135,21.5268],[78.4853,21.5046],[78.4612,21.5029],[78.4566,21.4957],[78.4349,21.5002],[78.4304,21.4797],[78.4379,21.4695],[78.4445,21.4454],[78.4462,21.4028],[78.4214,21.3953],[78.4019,21.3836],[78.3764,21.394],[78.367,21.3836],[78.3508,21.3808],[78.3218,21.3663],[78.3108,21.357],[78.2523,21.337],[78.2513,21.3286],[78.2603,21.3294],[78.298,21.293],[78.3113,21.294],[78.3098,21.27],[78.3262,21.2712],[78.333,21.2506],[78.3528,21.2509],[78.3718,21.2433],[78.4105,21.236],[78.4291,21.2283],[78.4425,21.2347],[78.4825,21.2118],[78.507,21.1898],[78.5215,21.17],[78.5257,21.1529],[78.5587,21.1148],[78.5897,21.1147],[78.5965,21.1086],[78.5986,21.0901],[78.6107,21.0885],[78.6069,21.0692],[78.6432,21.0595],[78.6511,21.0515],[78.6521,21.0359],[78.6886,21.0294],[78.6952,21.0201],[78.7309,21.0046],[78.7262,20.9883],[78.7269,20.9687],[78.7351,20.947],[78.7737,20.9076],[78.77,20.8989],[78.8048,20.8767],[78.8205,20.8789],[78.8264,20.8888],[78.8488,20.8748],[78.8647,20.8713],[78.864,20.8422],[78.875,20.8267],[78.8884,20.8418],[78.9159,20.8351],[78.9155,20.8064],[78.928,20.7974],[78.9453,20.7938],[78.9452,20.767],[78.9569,20.7668],[78.9737,20.7542],[78.9975,20.7539],[79,20.7424],[79.0197,20.7361],[79.0528,20.7343],[79.0607,20.7226],[79.0922,20.7079],[79.1041,20.7122],[79.1069,20.6857],[79.1429,20.6759],[79.1513,20.6501],[79.1704,20.643],[79.1707,20.6245],[79.1886,20.6026],[79.2094,20.5974],[79.2247,20.5821],[79.2515,20.5861],[79.2806,20.5852],[79.2925,20.5888],[79.3131,20.5806],[79.3218,20.5832],[79.3347,20.6136],[79.3474,20.634],[79.3459,20.6443],[79.3574,20.6553],[79.3504,20.6652],[79.3755,20.6773],[79.3895,20.6724],[79.3927,20.6605],[79.4069,20.6555],[79.4349,20.6588],[79.46,20.6689],[79.4896,20.6982],[79.509,20.7039],[79.5355,20.74],[79.5356,20.7728],[79.5604,20.8029],[79.5517,20.8306],[79.5416,20.8478],[79.583,20.8424],[79.6042,20.8643],[79.6166,20.9025],[79.6441,20.9165],[79.6609,20.9528],[79.6596,20.9694],[79.6376,20.9909],[79.6367,21.0006],[79.6126,21.0384],[79.5997,21.0725],[79.5887,21.0761],[79.578,21.066],[79.5519,21.0864],[79.5295,21.0753],[79.5338,21.1034],[79.5275,21.1175],[79.5137,21.1213],[79.5062,21.1458],[79.5105,21.1627],[79.4981,21.1717],[79.5016,21.1833],[79.5286,21.1676],[79.5343,21.1561],[79.5519,21.1573],[79.563,21.1871],[79.5561,21.2088],[79.5639,21.2256],[79.5605,21.2345],[79.5715,21.247],[79.5713,21.2738],[79.5756,21.2833],[79.5681,21.299],[79.5587,21.3027],[79.5569,21.3303],[79.5477,21.3313],[79.5264,21.3547],[79.5004,21.3976],[79.4917,21.4048],[79.4833,21.4273],[79.4604,21.4259],[79.4505,21.4349],[79.4493,21.4565],[79.4593,21.4607],[79.4858,21.502],[79.5142,21.5341],[79.5427,21.5434],[79.5456,21.5644],[79.5119,21.5894]]]},"properties":{"DISTRICT":"Nagpur","ST_NM":"Maharashtra","ST_CEN_CD":27,"DT_CEN_CD":9}},
{"type":"Feature","geometry":{"type":"Polygon","coordinates":[[[80.0488,15.0184],[80.0331,15.008],[80.0331,14.9963],[80.0002,14.9871],[79.9804,15.0159],[79.9472,15.0198],[79.9113,15.0058],[79.895,14.9845],[79.8776,14.9729],[79.8683,14.9553],[79.8581,14.9539],[79.8049,14.9648],[79.782,14.9757],[79.8007,15.0147],[79.7876,15.0255],[79.8003,15.0352],[79.8051,15.056],[79.781,15.0614],[79.7577,15.0515],[79.7439,15.0318],[79.7177,15.0459],[79.6926,15.0338],[79.6266,15.0357],[79.5632,15.0431],[79.5523,15.0231],[79.5162,15.0379],[79.4998,15.0546],[79.4673,15.0637],[79.4378,15.0556],[79.4213,15.0564],[79.4157,15.0749],[79.392,15.0764],[79.385,15.0888],[79.3605,15.0863],[79.3438,15.1048],[79.3184,15.1155],[79.305,15.0925],[79.2557,15.1083],[79.2353,15.1057],[79.1989,15.0876],[79.1557,15.0911],[79.1309,15.1017],[79.117,15.0994],[79.1091,15.0897],[79.0894,15.0853],[79.0764,15.0547],[79.0733,15.0318],[79.0747,14.9897],[79.0717,14.9707],[79.0778,14.9538],[79.0935,14.8921],[79.1223,14.8654],[79.1332,14.846],[79.141,14.8195],[79.1431,14.7879],[79.1633,14.7521],[79.1675,14.7299],[79.1769,14.7138],[79.1791,14.6872],[79.1688,14.6772],[79.1749,14.6647],[79.1754,14.6425],[79.1829,14.6144],[79.2146,14.5877],[79.2233,14.5963],[79.2362,14.5879],[79.249,14.5594],[79.2643,14.5446],[79.274,14.5282],[79.2905,14.4849],[79.3175,14.4693],[79.3274,14.4301],[79.3589,14.3783],[79.3647,14.3551],[79.3878,14.342],[79.3956,14.3234],[79.4141,14.2963],[79.4188,14.2657],[79.4291,14.2487],[79.4246,14.2165],[79.4319,14.1935],[79.4316,14.1786],[79.4419,14.1212],[79.4519,14.1075],[79.4501,14.0791],[79.4412,14.0639],[79.4339,14.0185],[79.4552,13.9836],[79.4517,13.9656],[79.4593,13.9449],[79.4565,13.9206],[79.4412,13.8973],[79.4445,13.8889],[79.4742,13.8962],[79.4812,13.9098],[79.5031,13.9093],[79.5297,13.9133],[79.5542,13.9119],[79.5891,13.9186],[79.5973,13.9146],[79.5963,13.8894],[79.6226,13.8847],[79.6252,13.8635],[79.6116,13.8541],[79.6272,13.8415],[79.6348,13.843],[79.6705,13.8345],[79.6757,13.8766],[79.6718,13.8894],[79.6819,13.9228],[79.6928,13.9144],[79.7315,13.9013],[79.7333,13.8591],[79.7719,13.8495],[79.7839,13.8631],[79.7903,13.9104],[79.8119,13.9241],[79.8149,13.909],[79.8252,13.8998],[79.8467,13.8536],[79.8619,13.8696],[79.8779,13.8653],[79.885,13.8476],[79.8767,13.7836],[79.8732,13.776],[79.8529,13.7671],[79.8673,13.7312],[79.8715,13.7075],[79.8861,13.7018],[79.9492,13.7077],[79.9746,13.6879],[79.9612,13.6664],[79.9733,13.6463],[80.0019,13.6431],[80.0045,13.6241],[80.0248,13.5961],[80.0243,13.5776],[80.0467,13.5754],[80.0522,13.5585],[80.0411,13.5533],[80.042,13.5366],[80.0579,13.535],[80.0635,13.5435],[80.0853,13.547],[80.0896,13.537],[80.08,13.5257],[80.0805,13.4911],[80.1108,13.4919],[80.1133,13.5081],[80.1469,13.5036],[80.1477,13.4944],[80.1797,13.4879],[80.2255,13.4835],[80.2418,13.468],[80.2534,13.5058],[80.2649,13.5604],[80.2697,13.5632],[80.2444,13.619],[80.2368,13.6558],[80.2355,13.6834],[80.2482,13.7586],[80.2495,13.7884],[80.2385,13.808],[80.2392,13.8262],[80.2164,13.8743],[80.1694,13.9924],[80.159,13.993],[80.1441,14.0175],[80.1537,14.0243],[80.1455,14.056],[80.1289,14.1491],[80.1288,14.1843],[80.1375,14.2373],[80.1459,14.2543],[80.1441,14.2668],[80.1515,14.2994],[80.173,14.3466],[80.1729,14.3743],[80.1817,14.4798],[80.1908,14.5503],[80.1946,14.5639],[80.1706,14.5667],[80.1432,14.5555],[80.1156,14.5299],[80.0935,14.5344],[80.1181,14.5477],[80.1472,14.568],[80.1803,14.5831],[80.1819,14.5958],[80.1716,14.606],[80.1597,14.6362],[80.1541,14.6711],[80.1454,14.6912],[80.1337,14.6954],[80.1301,14.7138],[80.114,14.7332],[80.0959,14.7796],[80.0908,14.8007],[80.0752,14.8172],[80.0933,14.8269],[80.0858,14.8762],[80.0739,14.925],[80.0632,14.987],[80.0535,14.9999],[80.0488,15.0184]]]},"properties":{"DISTRICT":"Sri Potti Sriramulu Nellore","ST_NM":"Andhra Pradesh","ST_CEN_CD":28,"DT_CEN_CD":19}},
{"type":"Feature","geometry":{"type":"Polygon","coordinates":[[[77.2604,28.6229],[77.2205,28.6411],[77.2008,28.6391],[77.1867,28.6256],[77.1723,28.5995],[77.1827,28.5852],[77.213,28.5769],[77.2129,28.5818],[77.2466,28.6057],[77.2645,28.6075],[77.2604,28.6229]]]},"properties":{"DISTRICT":"New Delhi","ST_NM":"Delhi  & NCR","ST_CEN_CD":7,"DT_CEN_CD":5}},
{"type":"Feature","geometry":{"type":"Polygon","coordinates":[[[77.2143,28.7835],[77.2105,28.7865],[77.1659,28.7473],[77.1767,28.731],[77.1949,28.7205],[77.22,28.7147],[77.2141,28.6946],[77.2016,28.6874],[77.1825,28.6894],[77.1709,28.6683],[77.1859,28.6579],[77.206,28.6583],[77.2256,28.6478],[77.253,28.6537],[77.2507,28.6624],[77.2422,28.6698],[77.246,28.7339],[77.2312,28.7474],[77.2154,28.7715],[77.2143,28.7835]]]},"properties":{"DISTRICT":"North","ST_NM":"Delhi  & NCR","ST_CEN_CD":7,"DT_CEN_CD":2}},
{"type":"Feature","geometry":{"type":"Polygon","coordinates":[[[77.1709,28.6683],[77.1825,28.6894],[77.2016,28.6874],[77.2141,28.6946],[77.22,28.7147],[77.1949,28.7205],[77.1767,28.731],[77.1659,28.7473],[77.2105,28.7865],[77.2049,28.81],[77.2239,28.8082],[77.2276,28.83],[77.2152,28.8576],[77.1972,28.8615],[77.1749,28.8554],[77.1495,28.8364],[77.1388,28.8601],[77.12,28.8609],[77.0936,28.8694],[77.06,28.868],[77.0417,28.8316],[76.9897,28.8316],[76.9838,28.8207],[76.9524,28.8156],[76.9475,28.7984],[76.9566,28.7689],[76.9482,28.7545],[76.9603,28.7415],[76.9512,28.7119],[76.9637,28.6948],[76.9782,28.6955],[76.9986,28.6811],[77.026,28.6899],[77.0715,28.6874],[77.0862,28.6805],[77.0984,28.6876],[77.1195,28.6751],[77.1527,28.6761],[77.1709,28.6683]]]},"properties":{"DISTRICT":"North West","ST_NM":"Delhi  & NCR","ST_CEN_CD":7,"DT_CEN_CD":1}},
{"type":"Feature","geometry":{"type":"Polygon","coordinates":[[[84.3293,24.4893],[84.3339,24.5022],[84.3267,24.5218],[84.3006,24.5654],[84.2769,24.5637],[84.2771,24.5408],[84.2661,24.5371],[84.2283,24.5497],[84.2166,24.5365],[84.2082,24.5488],[84.1805,24.5413],[84.19,24.523],[84.1869,24.5098],[84.1613,24.517],[84.1721,24.5331],[84.1537,24.5396],[84.144,24.5287],[84.1476,24.5042],[84.1326,24.4977],[84.1302,24.4861],[84.1174,24.4808],[84.0968,24.5035],[84.0974,24.5332],[84.0861,24.5443],[84.0802,24.5688],[84.0675,24.5762],[84.0545,24.6115],[84.0319,24.6282],[84,24.6371],[83.9801,24.5958],[83.9653,24.5755],[83.9362,24.5471],[83.8758,24.532],[83.875,24.5284],[83.8721,24.5255],[83.8551,24.493],[83.854,24.467],[83.858,24.4318],[83.8556,24.4077],[83.8452,24.3941],[83.8211,24.3782],[83.8133,24.3622],[83.8156,24.3493],[83.8328,24.322],[83.8192,24.3021],[83.8185,24.2913],[83.8359,24.2742],[83.8731,24.2238],[83.8804,24.2098],[83.8996,24.1935],[83.905,24.1896],[83.9254,24.1713],[83.97,24.1518],[83.9772,24.124],[83.9893,24.112],[83.9722,24.1045],[83.9612,24.1114],[83.9492,24.0938],[83.9389,24.1002],[83.8949,24.0881],[83.867,24.0698],[83.8624,24.042],[83.8465,24.0323],[83.8395,24.0157],[83.8272,24.0016],[83.8396,23.989],[83.8346,23.9656],[83.8186,23.9607],[83.8319,23.9485],[83.8663,23.9536],[83.8704,23.9833],[83.8863,23.9832],[83.9047,23.9591],[83.907,23.9485],[83.9398,23.9195],[83.9347,23.8985],[83.9329,23.8647],[83.956,23.8549],[83.968,23.8417],[83.9977,23.8194],[84.0019,23.7944],[84.0185,23.7956],[84.0387,23.7942],[84.0409,23.8046],[84.0542,23.8136],[84.0508,23.8297],[84.0701,23.8574],[84.0882,23.8614],[84.1148,23.8941],[84.1379,23.9005],[84.1455,23.9187],[84.14,23.9427],[84.1787,23.934],[84.2129,23.916],[84.2232,23.9059],[84.2425,23.9243],[84.2522,23.9159],[84.2531,23.8977],[84.2851,23.9033],[84.2935,23.9155],[84.3151,23.9063],[84.3341,23.9103],[84.3441,23.9512],[84.3606,23.9421],[84.4013,23.9334],[84.4177,23.9473],[84.4386,23.9482],[84.4473,23.9608],[84.4687,23.9546],[84.478,23.9377],[84.4697,23.9172],[84.481,23.9081],[84.4845,23.8944],[84.496,23.8935],[84.5251,23.9006],[84.519,23.9208],[84.5301,23.9278],[84.5647,23.9275],[84.5722,23.9365],[84.5709,23.957],[84.5865,23.9711],[84.5883,23.979],[84.5856,23.9862],[84.5855,23.9862],[84.5706,23.9848],[84.554,24.0162],[84.5645,24.0329],[84.5542,24.0435],[84.5748,24.0704],[84.5633,24.0777],[84.5538,24.1033],[84.5724,24.118],[84.5802,24.1415],[84.5521,24.1531],[84.5284,24.1913],[84.5374,24.199],[84.4886,24.2013],[84.4733,24.2102],[84.4735,24.2288],[84.4448,24.2436],[84.4564,24.261],[84.4887,24.2642],[84.4855,24.2761],[84.5009,24.2869],[84.486,24.3028],[84.4694,24.3174],[84.462,24.3385],[84.4249,24.3312],[84.43,24.3589],[84.4024,24.3675],[84.3897,24.3894],[84.3689,24.3863],[84.3434,24.3955],[84.3334,24.4106],[84.3379,24.4308],[84.3226,24.4471],[84.3008,24.4504],[84.2928,24.4654],[84.3018,24.4803],[84.3293,24.4893]]]},"properties":{"DISTRICT":"Palamu","ST_NM":"Jharkhand","ST_CEN_CD":20,"DT_CEN_CD":13}},
{"type":"Feature","geometry":{"type":"Polygon","coordinates":[[[93.518,27.6498],[93.4733,27.6569],[93.374,27.6676],[93.3325,27.6693],[93.2946,27.6573],[93.2519,27.6204],[93.2421,27.6145],[93.2482,27.5993],[93.2843,27.5891],[93.2879,27.5771],[93.3016,27.5786],[93.3333,27.5541],[93.321,27.5359],[93.3024,27.5259],[93.3082,27.5075],[93.3231,27.489],[93.3293,27.4639],[93.3275,27.4512],[93.3414,27.4327],[93.3649,27.4215],[93.3729,27.4115],[93.3751,27.3709],[93.31,27.344],[93.2927,27.3289],[93.2983,27.308],[93.2976,27.2901],[93.2611,27.2742],[93.2296,27.2506],[93.2246,27.2048],[93.2293,27.1992],[93.252,27.2022],[93.2761,27.2108],[93.3031,27.1865],[93.3084,27.174],[93.2975,27.1629],[93.2733,27.1534],[93.248,27.1537],[93.2138,27.1306],[93.2161,27.1162],[93.2326,27.1092],[93.2455,27.111],[93.2752,27.1031],[93.2963,27.0775],[93.3157,27.0789],[93.3457,27.0362],[93.3429,27.0007],[93.3638,26.9814],[93.3822,26.9821],[93.3929,26.9574],[93.4499,26.9514],[93.4701,26.9361],[93.4914,26.9357],[93.5278,26.9458],[93.5727,26.9512],[93.5861,26.9497],[93.6264,26.9612],[93.6776,26.968],[93.7001,26.9917],[93.7208,27.0161],[93.7704,27.0402],[93.7756,27.0592],[93.7893,27.0511],[93.7995,27.0607],[93.8301,27.0658],[93.8386,27.075],[93.8285,27.0962],[93.8239,27.1189],[93.8076,27.1347],[93.8106,27.1487],[93.831,27.1676],[93.8419,27.1704],[93.8695,27.1957],[93.9031,27.2384],[93.941,27.2702],[93.9586,27.2917],[93.9831,27.3106],[94.0022,27.3316],[94.0631,27.3604],[94.0886,27.4014],[94.1087,27.4149],[94.1193,27.4278],[94.1625,27.4633],[94.1595,27.4749],[94.177,27.4809],[94.1975,27.4942],[94.2146,27.4947],[94.2239,27.5038],[94.2145,27.5119],[94.2088,27.5308],[94.1943,27.5354],[94.1539,27.5301],[94.1422,27.5137],[94.123,27.4969],[94.0973,27.4828],[94.0719,27.482],[94.0486,27.4988],[93.9452,27.5109],[93.8922,27.4907],[93.8559,27.4645],[93.8532,27.4398],[93.8307,27.4243],[93.831,27.4068],[93.8385,27.392],[93.8389,27.363],[93.8302,27.3576],[93.8098,27.3707],[93.788,27.35],[93.7705,27.3457],[93.744,27.3523],[93.7151,27.3462],[93.6886,27.3351],[93.6692,27.3358],[93.659,27.348],[93.6343,27.3599],[93.6163,27.3568],[93.6036,27.3671],[93.5992,27.4004],[93.5819,27.4343],[93.5606,27.4376],[93.5587,27.4521],[93.5712,27.4715],[93.6107,27.4933],[93.621,27.5318],[93.5657,27.6015],[93.518,27.6498]]]},"properties":{"DISTRICT":"Papum Pare","ST_NM":"Arunanchal Pradesh","ST_CEN_CD":12,"DT_CEN_CD":4}},
{"type":"Feature","geometry":{"type":"MultiPolygon","coordinates":[[[[76.7699,30.4338],[76.7919,30.4491],[76.8049,30.4779],[76.7903,30.5063],[76.7456,30.5316],[76.7228,30.5621],[76.7212,30.5856],[76.7035,30.5868],[76.7042,30.5734],[76.6919,30.5691],[76.6679,30.5836],[76.6641,30.5997],[76.6505,30.6259],[76.6334,30.6203],[76.6297,30.646],[76.6393,30.6573],[76.6314,30.6775],[76.595,30.6614],[76.5802,30.6472],[76.5923,30.6042],[76.5694,30.6087],[76.5574,30.5972],[76.5813,30.5796],[76.5816,30.5711],[76.5406,30.5571],[76.5126,30.5676],[76.5011,30.5612],[76.5025,30.5299],[76.4922,30.5145],[76.4957,30.4844],[76.5038,30.4734],[76.4896,30.4413],[76.4789,30.4306],[76.4621,30.434],[76.447,30.4483],[76.436,30.4418],[76.411,30.4416],[76.416,30.4242],[76.384,30.4224],[76.3585,30.4373],[76.343,30.4284],[76.3257,30.4437],[76.339,30.4506],[76.3195,30.4811],[76.3358,30.4983],[76.3227,30.5284],[76.3227,30.5432],[76.3123,30.555],[76.2985,30.5581],[76.2929,30.5742],[76.2523,30.5586],[76.2324,30.5603],[76.2178,30.5507],[76.1898,30.5443],[76.1743,30.5486],[76.1463,30.5296],[76.1297,30.531],[76.1023,30.52],[76.0829,30.5206],[76.0807,30.5119],[76.0782,30.4996],[76.0656,30.4929],[76.0647,30.4787],[76.0804,30.4717],[76.0808,30.4588],[76.0487,30.4337],[76.053,30.4211],[76.0315,30.4078],[76.0358,30.4001],[76.0054,30.3641],[75.985,30.3608],[75.9904,30.3378],[76.0205,30.3281],[76.0327,30.3367],[76.0484,30.3368],[76.0668,30.3163],[76.0874,30.309],[76.0999,30.3166],[76.1302,30.3126],[76.1565,30.3138],[76.1672,30.3015],[76.183,30.3059],[76.2034,30.2841],[76.1829,30.2734],[76.173,30.2456],[76.1553,30.2541],[76.1393,30.2416],[76.1256,30.2436],[76.1156,30.2301],[76.1005,30.2256],[76.0771,30.2291],[76.0635,30.213],[76.0664,30.2054],[76.0504,30.1885],[76.0563,30.1682],[76.0726,30.1542],[76.0801,30.1381],[76.0719,30.1264],[76.0974,30.1218],[76.1063,30.1145],[76.0932,30.0793],[76.0833,30.0641],[76.0571,30.0735],[76.0343,30.0428],[76.038,30.0379],[76.0125,30.0178],[76.0106,29.9952],[76.0315,29.9645],[76.0161,29.9441],[75.9913,29.9475],[75.9855,29.9349],[75.9827,29.9069],[75.9962,29.8969],[76.0197,29.891],[76.0274,29.8678],[76.0411,29.876],[76.0602,29.8684],[76.0594,29.855],[76.068,29.8427],[76.0796,29.8412],[76.1259,29.8543],[76.1185,29.83],[76.1016,29.8073],[76.1142,29.8048],[76.1274,29.7928],[76.1503,29.8131],[76.1777,29.8147],[76.2134,29.8416],[76.2208,29.839],[76.2229,29.8494],[76.2397,29.8508],[76.2533,29.8653],[76.2365,29.8814],[76.2086,29.8804],[76.1939,29.8903],[76.1933,29.9196],[76.1775,29.9251],[76.1902,29.9427],[76.2152,29.9405],[76.2061,29.9621],[76.2104,29.9696],[76.2008,30.0006],[76.203,30.0147],[76.2209,30.0192],[76.2099,30.0344],[76.2441,30.0804],[76.2654,30.1024],[76.2425,30.105],[76.2164,30.1244],[76.2243,30.1333],[76.2223,30.1526],[76.2628,30.1154],[76.2916,30.11],[76.3048,30.115],[76.3245,30.1049],[76.3401,30.1058],[76.3607,30.124],[76.3377,30.1456],[76.3602,30.1468],[76.3755,30.1238],[76.4018,30.1238],[76.3964,30.1421],[76.4135,30.154],[76.3929,30.1795],[76.4108,30.1953],[76.432,30.1941],[76.4405,30.176],[76.4343,30.1598],[76.4379,30.1438],[76.4482,30.1332],[76.4665,30.0964],[76.5026,30.0932],[76.5129,30.0727],[76.5455,30.0788],[76.5668,30.0948],[76.6012,30.1194],[76.6195,30.1368],[76.6353,30.1453],[76.6397,30.1511],[76.6348,30.1663],[76.6514,30.1812],[76.6511,30.2019],[76.6164,30.2112],[76.624,30.2216],[76.6025,30.2502],[76.5881,30.2519],[76.5598,30.2306],[76.558,30.2548],[76.5932,30.266],[76.6266,30.2713],[76.6636,30.2954],[76.6748,30.2956],[76.6833,30.3152],[76.7101,30.3208],[76.7364,30.3403],[76.751,30.3556],[76.7306,30.3731],[76.7174,30.3768],[76.7127,30.3896],[76.7391,30.401],[76.7378,30.4164],[76.7615,30.4226],[76.7699,30.4338]]],[[[75.9688,29.9148],[75.952,29.9207],[75.937,29.9177],[75.9349,29.9025],[75.9605,29.8912],[75.9772,29.9037],[75.9688,29.9148]]]]},"properties":{"DISTRICT":"Patiala","ST_NM":"Punjab","ST_CEN_CD":3,"DT_CEN_CD":14}},
{"type":"Feature","geometry":{"type":"Polygon","coordinates":[[[85.195,25.624],[85.1416,25.6264],[85.1336,25.6304],[85.1106,25.6579],[85.1046,25.6788],[85.0881,25.7112],[85.0758,25.711],[85.0308,25.7316],[85.0072,25.7316],[84.985,25.7253],[84.9535,25.7016],[84.9084,25.7086],[84.9067,25.7176],[84.8835,25.7116],[84.873,25.717],[84.8538,25.6954],[84.8504,25.6781],[84.8254,25.6705],[84.8349,25.6573],[84.8296,25.6458],[84.8159,25.5905],[84.819,25.575],[84.799,25.5635],[84.7709,25.5372],[84.7596,25.5103],[84.756,25.4909],[84.7782,25.447],[84.764,25.4158],[84.7335,25.3604],[84.7256,25.3347],[84.7051,25.3154],[84.7234,25.2846],[84.6898,25.271],[84.6903,25.2557],[84.7128,25.2607],[84.7355,25.252],[84.7427,25.2678],[84.771,25.2561],[84.7882,25.253],[84.7862,25.2369],[84.7616,25.2302],[84.7555,25.237],[84.726,25.2124],[84.733,25.2014],[84.7536,25.2179],[84.7736,25.222],[84.8117,25.2187],[84.8374,25.2336],[84.8568,25.2279],[84.8645,25.2161],[84.8673,25.2161],[84.8761,25.2509],[84.8897,25.2545],[84.8888,25.2695],[84.9065,25.2895],[84.925,25.2922],[84.9229,25.2771],[84.9389,25.2781],[84.9484,25.289],[84.9629,25.2871],[84.9937,25.3206],[85.015,25.3176],[85.0162,25.2941],[85.0312,25.2855],[85.0253,25.2667],[85.07,25.2893],[85.0836,25.2813],[85.1023,25.2885],[85.1199,25.2842],[85.1328,25.3086],[85.1511,25.3135],[85.1681,25.3052],[85.1814,25.3089],[85.1938,25.3389],[85.1928,25.3816],[85.1829,25.3882],[85.1886,25.4022],[85.2289,25.4144],[85.2358,25.4043],[85.2574,25.4124],[85.2582,25.4015],[85.3076,25.3955],[85.3155,25.4036],[85.3443,25.4066],[85.3616,25.4028],[85.3789,25.4304],[85.4036,25.4362],[85.4063,25.461],[85.4202,25.4601],[85.4389,25.4465],[85.4723,25.441],[85.4936,25.4448],[85.4984,25.4286],[85.5346,25.428],[85.551,25.4209],[85.5786,25.4246],[85.5834,25.3962],[85.5909,25.3849],[85.6285,25.3811],[85.6507,25.34],[85.6321,25.334],[85.6306,25.3246],[85.6607,25.3166],[85.6605,25.3365],[85.6919,25.3547],[85.7154,25.3557],[85.7547,25.3175],[85.7771,25.3183],[85.8069,25.3089],[85.8109,25.2917],[85.837,25.2913],[85.8635,25.2971],[85.8657,25.2831],[85.8809,25.28],[85.8951,25.2974],[85.9055,25.2936],[85.9302,25.3025],[85.9324,25.3232],[85.9499,25.3232],[85.9907,25.313],[86.0292,25.2931],[86.0372,25.3066],[86.0423,25.3303],[86.0542,25.3406],[86.0645,25.3341],[86.0673,25.3547],[86.0547,25.3749],[86.0519,25.3909],[86.0393,25.3882],[86.0351,25.3602],[86.0191,25.3581],[86.0124,25.3733],[85.9672,25.4042],[85.937,25.4116],[85.9035,25.431],[85.8876,25.423],[85.8727,25.4413],[85.8805,25.4757],[85.8946,25.4741],[85.8861,25.5019],[85.8386,25.5184],[85.8337,25.5294],[85.805,25.5469],[85.7787,25.5495],[85.7562,25.544],[85.7359,25.5267],[85.7196,25.5256],[85.7122,25.5057],[85.6826,25.4791],[85.6784,25.497],[85.6599,25.493],[85.6417,25.502],[85.6497,25.4658],[85.6394,25.4634],[85.5924,25.4789],[85.6007,25.4927],[85.5399,25.4888],[85.5388,25.5055],[85.4966,25.4945],[85.4596,25.5017],[85.4377,25.5148],[85.4302,25.4965],[85.4001,25.5067],[85.3821,25.5064],[85.3115,25.5155],[85.3026,25.5245],[85.2762,25.5666],[85.2516,25.5961],[85.2203,25.6136],[85.195,25.624]]]},"properties":{"DISTRICT":"Patna","ST_NM":"Bihar","ST_CEN_CD":10,"DT_CEN_CD":28}},
{"type":"Feature","geometry":{"type":"Polygon","coordinates":[[[74.8339,18.3392],[74.8101,18.3432],[74.7944,18.3551],[74.8082,18.3758],[74.8085,18.386],[74.7838,18.4061],[74.774,18.408],[74.759,18.3975],[74.7346,18.3979],[74.7147,18.4303],[74.7237,18.4505],[74.7269,18.4797],[74.7158,18.4952],[74.7008,18.5057],[74.6637,18.4886],[74.6568,18.4817],[74.6638,18.4654],[74.6436,18.4498],[74.6122,18.4675],[74.5805,18.4733],[74.5539,18.4988],[74.5498,18.5138],[74.573,18.5322],[74.5659,18.5591],[74.5547,18.5766],[74.5438,18.5834],[74.5509,18.6097],[74.5455,18.6173],[74.5107,18.6159],[74.5035,18.6258],[74.4789,18.634],[74.4757,18.6476],[74.5098,18.6624],[74.5073,18.6774],[74.4866,18.6746],[74.4757,18.6891],[74.4817,18.7027],[74.4771,18.7222],[74.4511,18.7194],[74.4409,18.7386],[74.4249,18.7489],[74.3995,18.7413],[74.3921,18.7856],[74.386,18.8081],[74.3974,18.8304],[74.3705,18.836],[74.3517,18.8437],[74.3258,18.8398],[74.3113,18.8534],[74.3094,18.8675],[74.2976,18.888],[74.2944,18.9032],[74.2708,18.921],[74.2504,18.9528],[74.2231,18.9761],[74.2243,18.9922],[74.2148,19.0069],[74.1935,19.0177],[74.1752,19.0418],[74.1925,19.0672],[74.2004,19.0876],[74.1974,19.1058],[74.2106,19.1251],[74.2247,19.1297],[74.236,19.1233],[74.2443,19.142],[74.266,19.1658],[74.271,19.1855],[74.3043,19.1888],[74.3165,19.2081],[74.2926,19.2161],[74.2617,19.2196],[74.2289,19.2045],[74.2098,19.2038],[74.1871,19.215],[74.1528,19.2218],[74.1284,19.2201],[74.1117,19.23],[74.0848,19.2311],[74.061,19.2444],[74.0474,19.2583],[74.0268,19.2688],[74.0319,19.2837],[74.0155,19.2923],[74.0283,19.3103],[74.0131,19.3256],[74.0119,19.3365],[74,19.3575],[73.9567,19.3439],[73.931,19.3406],[73.9148,19.3652],[73.8843,19.3763],[73.8728,19.3595],[73.8572,19.3588],[73.8436,19.3753],[73.8013,19.3949],[73.7816,19.386],[73.798,19.3362],[73.7535,19.3273],[73.7528,19.3341],[73.7161,19.3265],[73.6739,19.3026],[73.6717,19.2882],[73.6907,19.2696],[73.6961,19.2568],[73.6904,19.2443],[73.6652,19.2401],[73.6363,19.2098],[73.6142,19.2063],[73.609,19.1894],[73.5706,19.1893],[73.5386,19.1743],[73.5406,19.1598],[73.5332,19.1504],[73.5457,19.1391],[73.5396,19.1218],[73.5274,19.1292],[73.5214,19.1012],[73.5128,19.0908],[73.5253,19.0774],[73.5244,19.0584],[73.5423,19.0506],[73.5378,19.0408],[73.5468,19.018],[73.5404,18.9961],[73.5119,18.9723],[73.5006,18.9692],[73.4786,18.9792],[73.4793,18.9655],[73.4622,18.9659],[73.4569,18.9465],[73.4584,18.9295],[73.4411,18.9273],[73.4306,18.9144],[73.4395,18.8988],[73.4377,18.882],[73.4276,18.8626],[73.415,18.8601],[73.403,18.8424],[73.387,18.8467],[73.381,18.8024],[73.3662,18.7858],[73.3622,18.7619],[73.3543,18.7527],[73.3521,18.7231],[73.3317,18.7016],[73.3362,18.6952],[73.3752,18.708],[73.3849,18.6928],[73.3889,18.6543],[73.3791,18.6512],[73.3564,18.6298],[73.3515,18.6146],[73.3309,18.5952],[73.3316,18.583],[73.3222,18.5706],[73.3236,18.5593],[73.3474,18.5443],[73.3705,18.5166],[73.3872,18.5024],[73.3705,18.4809],[73.3914,18.4835],[73.4059,18.5007],[73.4067,18.4673],[73.3964,18.4539],[73.4018,18.3999],[73.4219,18.4027],[73.4278,18.3727],[73.4444,18.36],[73.4309,18.3445],[73.422,18.326],[73.424,18.3054],[73.4464,18.3086],[73.455,18.2976],[73.4731,18.3011],[73.4801,18.2713],[73.5048,18.28],[73.5123,18.2698],[73.5052,18.2578],[73.5325,18.2474],[73.529,18.2175],[73.5417,18.2058],[73.5816,18.1792],[73.5942,18.1767],[73.5994,18.1893],[73.624,18.1763],[73.6536,18.1725],[73.6658,18.1547],[73.6348,18.1459],[73.628,18.1329],[73.6055,18.1181],[73.5969,18.1064],[73.6092,18.0967],[73.6023,18.0848],[73.6199,18.0781],[73.6129,18.058],[73.6285,18.0454],[73.6498,18.0411],[73.6586,18.0284],[73.6645,18.0268],[73.7056,18.0482],[73.7135,18.0437],[73.7596,18.0373],[73.7666,18.0249],[73.7917,18.0221],[73.8132,18.0359],[73.8577,18.0316],[73.8733,18.0525],[73.871,18.0733],[73.8805,18.0846],[73.8622,18.1198],[73.8906,18.1158],[73.9037,18.1361],[73.8741,18.1694],[73.8975,18.1824],[73.9024,18.1605],[73.9203,18.1699],[73.9377,18.1729],[73.9458,18.1805],[73.9784,18.1547],[73.99,18.1494],[74.0037,18.1565],[74.0095,18.146],[74.0359,18.131],[74.0519,18.1381],[74.066,18.1349],[74.0774,18.1213],[74.0976,18.1205],[74.1177,18.1303],[74.1343,18.1169],[74.1476,18.1186],[74.1628,18.1065],[74.1831,18.1109],[74.2083,18.0988],[74.2413,18.0971],[74.2573,18.0842],[74.303,18.0686],[74.3174,18.0733],[74.325,18.0842],[74.3575,18.0961],[74.3765,18.0736],[74.394,18.0735],[74.433,18.0651],[74.4643,18.0473],[74.4933,18.0587],[74.5353,18.0573],[74.5514,18.0696],[74.5687,18.0562],[74.59,18.0553],[74.606,18.0472],[74.6288,18.0554],[74.6411,18.0445],[74.6652,18.0688],[74.6863,18.0591],[74.6896,18.0431],[74.71,18.0293],[74.7267,18.0294],[74.7511,18.0184],[74.7666,18.0225],[74.7773,18.0107],[74.7984,18.0065],[74.8103,18.0167],[74.8227,18.0136],[74.8313,17.9947],[74.8638,17.9913],[74.8613,17.9716],[74.8449,17.9523],[74.8518,17.9456],[74.8674,17.951],[74.8919,17.9379],[74.9171,17.9448],[74.9391,17.9399],[74.9435,17.9247],[74.9621,17.915],[74.9753,17.9161],[75.0177,17.9074],[75.0268,17.893],[75.0394,17.9033],[75.0465,17.9176],[75.0585,17.9252],[75.0723,17.9143],[75.0895,17.9231],[75.0845,17.9387],[75.0998,17.9423],[75.1148,17.9366],[75.1307,17.9542],[75.135,17.9696],[75.1234,17.9964],[75.1091,17.9931],[75.099,17.9728],[75.0706,17.9758],[75.0591,17.9513],[75.0403,17.9467],[75.0215,17.962],[75.025,17.981],[75.0625,18.0293],[75.0864,18.0459],[75.0907,18.0637],[75.1091,18.0737],[75.1303,18.0754],[75.1434,18.0958],[75.1632,18.1065],[75.1581,18.121],[75.1458,18.1233],[75.1184,18.1181],[75.0938,18.1222],[75.0917,18.146],[75.11,18.1785],[75.1142,18.1995],[75.1096,18.2143],[75.0972,18.2212],[75.082,18.2179],[75.0594,18.1976],[75.0366,18.1956],[75.022,18.1875],[75.0085,18.2121],[75.0197,18.2293],[75.0448,18.2534],[75.0366,18.262],[75.0131,18.2478],[74.9861,18.2414],[74.9511,18.2634],[74.9159,18.258],[74.888,18.2574],[74.8767,18.2473],[74.842,18.2433],[74.8332,18.2463],[74.8124,18.2697],[74.7966,18.2793],[74.8041,18.3014],[74.8423,18.2957],[74.8438,18.3096],[74.8327,18.3291],[74.8339,18.3392]]]},"properties":{"DISTRICT":"Pune","ST_NM":"Maharashtra","ST_CEN_CD":27,"DT_CEN_CD":25}},
{"type":"Feature","geometry":{"type":"Polygon","coordinates":[[[86.5605,22.7111],[86.5446,22.7239],[86.5154,22.7193],[86.512,22.7048],[86.4932,22.7265],[86.4844,22.7256],[86.4715,22.7496],[86.4595,22.7628],[86.4453,22.7658],[86.4217,22.7796],[86.4271,22.8119],[86.4394,22.8316],[86.4383,22.8635],[86.4524,22.8618],[86.4565,22.8859],[86.4685,22.8996],[86.454,22.9048],[86.438,22.9187],[86.4426,22.9302],[86.4637,22.9358],[86.4756,22.9495],[86.4923,22.9384],[86.5042,22.9506],[86.5238,22.9472],[86.533,22.9608],[86.544,22.9647],[86.5396,22.9842],[86.5177,22.9691],[86.5029,22.9927],[86.4686,22.988],[86.4219,22.9976],[86.3986,22.977],[86.386,22.9935],[86.3656,22.9994],[86.3378,22.9916],[86.3078,23.0061],[86.306,23.015],[86.2851,23.0134],[86.267,22.9983],[86.2402,22.9961],[86.2462,22.9882],[86.2383,22.9727],[86.2176,22.9682],[86.1976,22.969],[86.1903,22.9225],[86.1939,22.8989],[86.2199,22.8903],[86.2117,22.8731],[86.2003,22.8618],[86.2012,22.8373],[86.1967,22.8184],[86.1759,22.8332],[86.1614,22.8379],[86.1581,22.8206],[86.1488,22.8138],[86.1727,22.7937],[86.1715,22.7634],[86.1594,22.7483],[86.1661,22.725],[86.1628,22.7173],[86.1647,22.6767],[86.1694,22.6705],[86.1578,22.6505],[86.1571,22.6367],[86.1387,22.6181],[86.1195,22.6058],[86.1026,22.5839],[86.0781,22.5683],[86.0676,22.5518],[86.0749,22.5464],[86.1071,22.4936],[86.1519,22.4826],[86.208,22.4738],[86.226,22.4526],[86.2707,22.4431],[86.2853,22.4491],[86.2935,22.4289],[86.3078,22.4088],[86.3232,22.3942],[86.3308,22.3768],[86.3448,22.3697],[86.3582,22.3491],[86.381,22.3409],[86.396,22.329],[86.4298,22.3101],[86.4447,22.3096],[86.4438,22.3272],[86.4636,22.3259],[86.4839,22.3383],[86.4891,22.3482],[86.5053,22.3447],[86.5133,22.3278],[86.529,22.3224],[86.5298,22.3067],[86.5452,22.3076],[86.5573,22.2992],[86.5837,22.3017],[86.5952,22.286],[86.6213,22.2799],[86.6323,22.2708],[86.6507,22.2653],[86.6534,22.2397],[86.675,22.2408],[86.6873,22.2235],[86.7279,22.2193],[86.7529,22.212],[86.7964,22.2216],[86.8051,22.2177],[86.8149,22.242],[86.8014,22.2539],[86.8254,22.2646],[86.8551,22.2633],[86.8633,22.2584],[86.8906,22.2561],[86.8934,22.2854],[86.8901,22.3007],[86.8776,22.3027],[86.8342,22.3285],[86.834,22.3454],[86.846,22.3729],[86.8489,22.3999],[86.8359,22.4101],[86.8103,22.4202],[86.769,22.4266],[86.7503,22.4742],[86.7585,22.4838],[86.7943,22.4782],[86.8031,22.4876],[86.7961,22.4973],[86.7948,22.524],[86.7879,22.528],[86.7892,22.5478],[86.7697,22.5542],[86.7726,22.5644],[86.7611,22.5778],[86.7329,22.5781],[86.7112,22.5838],[86.678,22.5759],[86.6569,22.5793],[86.6535,22.595],[86.6396,22.6007],[86.642,22.6585],[86.6232,22.6767],[86.5966,22.6919],[86.5861,22.6923],[86.5605,22.7111]]]},"properties":{"DISTRICT":"Purbi Singhbhum","ST_NM":"Jharkhand","ST_CEN_CD":20,"DT_CEN_CD":12}},
{"type":"Feature","geometry":{"type":"Polygon","coordinates":[[[85.8671,23.4301],[85.8598,23.4237],[85.8299,23.4383],[85.8167,23.4538],[85.7824,23.4548],[85.7587,23.46],[85.7223,23.4419],[85.6751,23.4509],[85.6594,23.4646],[85.6446,23.465],[85.6075,23.4818],[85.589,23.5031],[85.5709,23.5148],[85.5513,23.538],[85.5204,23.5428],[85.5288,23.561],[85.5248,23.5751],[85.5056,23.5701],[85.5151,23.5543],[85.5108,23.5413],[85.4942,23.5435],[85.4837,23.554],[85.4526,23.5494],[85.4141,23.561],[85.4049,23.5553],[85.3659,23.5619],[85.3362,23.5596],[85.326,23.5678],[85.2683,23.5802],[85.2443,23.5962],[85.2325,23.6189],[85.2143,23.6194],[85.2043,23.6333],[85.2055,23.6434],[85.2301,23.6845],[85.2233,23.6899],[85.2265,23.6989],[85.1888,23.7098],[85.1656,23.6664],[85.1542,23.672],[85.1075,23.664],[85.0849,23.6696],[85.0583,23.6925],[85.0715,23.6992],[85.0684,23.7115],[85.0555,23.7102],[85.0538,23.7135],[85.0361,23.6896],[85.0177,23.687],[84.9975,23.6812],[84.9877,23.7035],[84.9639,23.7138],[84.9621,23.6956],[84.9493,23.7014],[84.935,23.6908],[84.9356,23.6814],[84.923,23.6693],[84.9224,23.6463],[84.9421,23.6362],[84.9455,23.6077],[84.9331,23.5718],[84.9347,23.5501],[84.9206,23.5458],[84.8965,23.5587],[84.8863,23.5575],[84.8944,23.5431],[84.9082,23.5403],[84.9162,23.5264],[84.9388,23.5187],[84.9453,23.5005],[84.942,23.4898],[84.9221,23.4612],[84.9107,23.4516],[84.8962,23.4258],[84.8988,23.4155],[84.8863,23.4021],[84.8948,23.3861],[84.8844,23.3756],[84.9045,23.3643],[84.9072,23.3429],[84.898,23.3201],[84.9109,23.3268],[84.9264,23.3109],[84.9023,23.2853],[84.8995,23.261],[84.9152,23.2548],[84.9138,23.2438],[84.9511,23.2282],[84.9512,23.2195],[84.9256,23.1873],[84.9208,23.1685],[84.8946,23.1692],[84.8862,23.14],[84.8948,23.0988],[84.8712,23.0978],[84.8702,23.0894],[84.8806,23.0649],[84.9041,23.0552],[84.9177,23.0286],[84.9436,23.0247],[84.9426,23.0115],[84.9677,23.0151],[84.9842,23.0313],[84.9966,23.0602],[84.9971,23.0727],[85.0114,23.0911],[85.0368,23.1049],[85.0477,23.1527],[85.0541,23.2007],[85.0911,23.2204],[85.1364,23.2189],[85.1639,23.2284],[85.1895,23.2443],[85.2167,23.2454],[85.2364,23.2259],[85.2791,23.2182],[85.2868,23.2075],[85.3149,23.1842],[85.3332,23.1865],[85.3372,23.2038],[85.3523,23.1928],[85.374,23.1841],[85.3889,23.1925],[85.4135,23.1777],[85.4478,23.174],[85.4629,23.1769],[85.472,23.2134],[85.4911,23.2192],[85.5002,23.2437],[85.5091,23.251],[85.5275,23.2512],[85.5535,23.2775],[85.585,23.2722],[85.5774,23.2515],[85.5576,23.2145],[85.5417,23.1586],[85.5517,23.1289],[85.5964,23.1147],[85.6027,23.104],[85.5898,23.0668],[85.5802,23.0525],[85.5942,23.0101],[85.6156,22.982],[85.6194,22.9651],[85.6139,22.9333],[85.622,22.9163],[85.6519,22.9214],[85.6579,22.9378],[85.6828,22.9347],[85.7045,22.9439],[85.7312,22.942],[85.752,22.9325],[85.763,22.9333],[85.7748,22.9218],[85.8018,22.9102],[85.8288,22.904],[85.8396,22.8897],[85.8634,22.8872],[85.8575,22.9004],[85.8699,22.9122],[85.8748,22.9324],[85.864,22.9461],[85.8536,22.9445],[85.8483,22.9867],[85.827,22.9963],[85.8078,23.0531],[85.8226,23.0858],[85.8599,23.1298],[85.8725,23.1286],[85.8728,23.1452],[85.8952,23.1541],[85.8834,23.161],[85.8833,23.1752],[85.8636,23.1966],[85.8411,23.1943],[85.8368,23.2128],[85.8368,23.2454],[85.8325,23.2652],[85.8398,23.2828],[85.8676,23.3054],[85.8669,23.317],[85.8777,23.3322],[85.8724,23.3668],[85.902,23.379],[85.8909,23.3893],[85.8846,23.41],[85.869,23.4119],[85.8671,23.4301]]]},"properties":{"DISTRICT":"Ranchi","ST_NM":"Jharkhand","ST_CEN_CD":20,"DT_CEN_CD":19}},
{"type":"Feature","geometry":{"type":"Polygon","coordinates":[[[82.1083,24.8073],[82.0901,24.8194],[82.0734,24.8207],[82.0326,24.8419],[82.0131,24.8479],[81.9631,24.8364],[81.9509,24.8392],[81.935,24.8579],[81.9367,24.8702],[81.911,24.8812],[81.9068,24.9023],[81.9186,24.9176],[81.9124,24.9393],[81.91,24.9798],[81.8819,24.9991],[81.8547,25.004],[81.8377,25.0162],[81.8,25.0069],[81.7797,25.0201],[81.7466,25.0359],[81.7408,25.0455],[81.7248,25.0498],[81.7137,25.0347],[81.6939,25.039],[81.6903,25.0405],[81.6862,25.0614],[81.6724,25.0607],[81.6683,25.0749],[81.6552,25.0718],[81.644,25.0585],[81.6303,25.0536],[81.6256,25.0538],[81.6169,25.0556],[81.6165,25.0635],[81.6123,25.0662],[81.6112,25.0685],[81.6028,25.0736],[81.6232,25.0907],[81.6299,25.095],[81.6342,25.0966],[81.6377,25.0964],[81.6401,25.0982],[81.6403,25.0999],[81.631,25.1079],[81.5994,25.1196],[81.6005,25.133],[81.6281,25.1523],[81.6139,25.1622],[81.5902,25.1648],[81.5904,25.1669],[81.5965,25.1804],[81.5749,25.1923],[81.5669,25.1857],[81.5424,25.1848],[81.5213,25.1844],[81.5192,25.1702],[81.5357,25.1632],[81.5271,25.1484],[81.5004,25.1453],[81.4858,25.135],[81.4861,25.1176],[81.5015,25.1072],[81.503,25.0787],[81.4921,25.0715],[81.4448,25.0927],[81.4198,25.1088],[81.4469,25.1105],[81.4362,25.1301],[81.415,25.1216],[81.3974,25.1207],[81.3748,25.1382],[81.3578,25.1638],[81.3383,25.1689],[81.3214,25.1599],[81.3133,25.1638],[81.277,25.1615],[81.2832,25.1498],[81.2681,25.1375],[81.2663,25.1132],[81.254,25.1019],[81.2675,25.0837],[81.2699,25.0649],[81.2559,25.0379],[81.2285,25.0037],[81.21,24.9922],[81.2205,24.9742],[81.2095,24.9667],[81.2142,24.9358],[81.1696,24.955],[81.1605,24.9128],[81.1483,24.9129],[81.1363,24.8901],[81.1249,24.8983],[81.1219,24.88],[81.1126,24.881],[81.1078,24.8556],[81.0959,24.8463],[81.0984,24.8339],[81.0755,24.8334],[81.067,24.824],[81.0534,24.7958],[81.0589,24.7827],[81.0883,24.7736],[81.1113,24.7508],[81.1402,24.7308],[81.1774,24.6922],[81.1637,24.6388],[81.17,24.6244],[81.157,24.5419],[81.1584,24.5231],[81.1396,24.5115],[81.1669,24.4979],[81.2002,24.5011],[81.2252,24.4905],[81.2244,24.4689],[81.2444,24.4381],[81.2719,24.4106],[81.2913,24.3963],[81.2892,24.3816],[81.2696,24.3805],[81.2721,24.3617],[81.284,24.3567],[81.2722,24.3298],[81.2808,24.3236],[81.3062,24.3224],[81.3173,24.336],[81.3383,24.341],[81.3735,24.3613],[81.4136,24.3752],[81.4564,24.3934],[81.5018,24.4223],[81.5485,24.4424],[81.6001,24.4553],[81.641,24.4709],[81.6975,24.5007],[81.7381,24.5118],[81.7461,24.4958],[81.7646,24.5027],[81.7865,24.5046],[81.7974,24.5167],[81.8188,24.512],[81.886,24.5297],[81.9008,24.5302],[81.8958,24.5533],[81.9212,24.5596],[81.9285,24.5698],[81.9511,24.5736],[81.9634,24.5536],[81.9935,24.5548],[82.0155,24.5693],[82.0615,24.5764],[82.0703,24.601],[82.0999,24.5977],[82.1173,24.6006],[82.1231,24.5927],[82.1648,24.6004],[82.1994,24.6157],[82.2478,24.6075],[82.2747,24.5934],[82.2995,24.5959],[82.3067,24.5989],[82.302,24.6115],[82.3066,24.6257],[82.3,24.6624],[82.2777,24.6795],[82.2612,24.6637],[82.2561,24.6732],[82.237,24.6722],[82.2368,24.6883],[82.2512,24.6993],[82.2466,24.7519],[82.2359,24.7631],[82.2174,24.757],[82.2039,24.7612],[82.217,24.7952],[82.1816,24.7984],[82.1676,24.7897],[82.1405,24.8019],[82.1346,24.7913],[82.1204,24.7896],[82.1083,24.8073]]]},"properties":{"DISTRICT":"Rewa","ST_NM":"Madhya Pradesh","ST_CEN_CD":23,"DT_CEN_CD":13}},
{"type":"Feature","geometry":{"type":"Polygon","coordinates":[[[78.9936,24.4189],[78.9876,24.4135],[78.9739,24.3693],[78.9748,24.3527],[78.9391,24.3146],[78.9144,24.297],[78.9194,24.2852],[78.9164,24.2687],[78.8856,24.2498],[78.8876,24.2247],[78.8802,24.2147],[78.8647,24.2093],[78.8452,24.2105],[78.8342,24.199],[78.817,24.2043],[78.8121,24.1801],[78.791,24.1809],[78.7813,24.208],[78.7742,24.2135],[78.7607,24.243],[78.7523,24.235],[78.7329,24.2484],[78.725,24.2349],[78.7052,24.2302],[78.6755,24.2407],[78.6608,24.2694],[78.6237,24.2917],[78.6291,24.3055],[78.6111,24.3113],[78.6,24.3349],[78.5848,24.3526],[78.5589,24.3562],[78.5339,24.37],[78.5209,24.3861],[78.5062,24.3898],[78.4816,24.363],[78.474,24.3349],[78.4465,24.3211],[78.4397,24.309],[78.4409,24.2932],[78.4174,24.2832],[78.4131,24.2726],[78.3917,24.2686],[78.3678,24.2917],[78.3475,24.3033],[78.3346,24.321],[78.3327,24.334],[78.3687,24.3736],[78.3428,24.3993],[78.3244,24.4058],[78.2668,24.4493],[78.2631,24.4389],[78.2451,24.4266],[78.2236,24.4185],[78.2099,24.4063],[78.1607,24.3883],[78.1598,24.3689],[78.1281,24.3393],[78.0927,24.3191],[78.0849,24.2996],[78.0972,24.2611],[78.0724,24.2563],[78.0691,24.2463],[78.0974,24.2396],[78.0874,24.2282],[78.0707,24.2391],[78.059,24.2288],[78.0825,24.2138],[78.0971,24.2095],[78.108,24.2157],[78.1342,24.2109],[78.143,24.2022],[78.1279,24.188],[78.1234,24.1628],[78.1048,24.1636],[78.1059,24.1481],[78.1176,24.1262],[78.1354,24.1157],[78.1258,24.0926],[78.1187,24.0497],[78.1057,24.0474],[78.0903,24.0648],[78.0751,24.0555],[78.0752,24.0441],[78.091,24.0423],[78.0928,24.0318],[78.1133,24.0274],[78.1185,24.0408],[78.1523,24.024],[78.164,24.0095],[78.1824,24.0114],[78.1836,24.0273],[78.1919,24.0504],[78.2119,24.0679],[78.2317,24.0546],[78.2781,24.0288],[78.2803,24.0063],[78.2906,23.9853],[78.2829,23.9734],[78.286,23.9608],[78.2689,23.9557],[78.2649,23.9459],[78.289,23.9263],[78.292,23.9067],[78.2803,23.8886],[78.2756,23.8632],[78.2627,23.8552],[78.2732,23.8441],[78.2937,23.8478],[78.2985,23.8283],[78.2843,23.8104],[78.2866,23.7838],[78.2574,23.7885],[78.2639,23.7685],[78.2554,23.7627],[78.2549,23.7474],[78.2394,23.7217],[78.2531,23.7077],[78.2601,23.7243],[78.2927,23.6737],[78.3239,23.6922],[78.3392,23.6749],[78.3379,23.6602],[78.3617,23.6504],[78.3772,23.6538],[78.391,23.6347],[78.3987,23.6324],[78.4153,23.6446],[78.4001,23.6644],[78.4265,23.674],[78.4111,23.6862],[78.4094,23.7001],[78.4298,23.7155],[78.4128,23.7309],[78.4003,23.7309],[78.3951,23.7124],[78.3826,23.71],[78.3779,23.6904],[78.3599,23.6728],[78.3461,23.6795],[78.3586,23.6909],[78.3552,23.7024],[78.3686,23.7257],[78.4005,23.7423],[78.419,23.7377],[78.4334,23.7445],[78.4444,23.7145],[78.444,23.6985],[78.4688,23.669],[78.4663,23.6612],[78.4781,23.6395],[78.5147,23.6491],[78.5083,23.6302],[78.5148,23.612],[78.5003,23.5877],[78.506,23.5564],[78.5335,23.5506],[78.5441,23.5588],[78.5709,23.5639],[78.5755,23.5526],[78.5941,23.5465],[78.6228,23.5515],[78.6394,23.5477],[78.6509,23.562],[78.6855,23.564],[78.6983,23.5751],[78.7383,23.5762],[78.7427,23.5545],[78.7353,23.5312],[78.7194,23.5331],[78.7134,23.5178],[78.7022,23.5152],[78.6939,23.5002],[78.6788,23.4939],[78.6674,23.4779],[78.6705,23.4671],[78.6538,23.4445],[78.6331,23.4505],[78.6091,23.4371],[78.6,23.423],[78.6227,23.4184],[78.6275,23.4024],[78.6304,23.3636],[78.6418,23.3464],[78.664,23.3331],[78.6777,23.3463],[78.7054,23.3538],[78.7187,23.3513],[78.7496,23.3107],[78.7702,23.2947],[78.7637,23.2852],[78.7571,23.2483],[78.7909,23.2456],[78.8074,23.2359],[78.8229,23.2513],[78.8334,23.2522],[78.8452,23.2392],[78.8463,23.2267],[78.8941,23.2127],[78.9045,23.2238],[78.9309,23.2323],[78.9532,23.2132],[78.9811,23.1978],[78.9946,23.2125],[79.0312,23.1937],[79.0716,23.2021],[79.0968,23.2015],[79.1054,23.1954],[79.1075,23.1799],[79.1208,23.1724],[79.1476,23.1712],[79.1825,23.1931],[79.1896,23.22],[79.1747,23.2228],[79.1714,23.2493],[79.1758,23.2565],[79.2108,23.2565],[79.2301,23.2899],[79.211,23.3132],[79.2362,23.3388],[79.2203,23.348],[79.2198,23.3579],[79.1933,23.3635],[79.1869,23.3885],[79.1885,23.4043],[79.1827,23.4308],[79.1954,23.4387],[79.2195,23.436],[79.2244,23.4552],[79.2486,23.465],[79.2613,23.4757],[79.286,23.4771],[79.2933,23.5055],[79.2995,23.513],[79.3318,23.5258],[79.3149,23.5519],[79.301,23.5617],[79.2981,23.5732],[79.3061,23.5921],[79.3019,23.6004],[79.3012,23.6377],[79.3106,23.6394],[79.336,23.6295],[79.3521,23.6541],[79.32,23.6742],[79.3026,23.6757],[79.2835,23.6979],[79.2987,23.707],[79.2882,23.7223],[79.2854,23.7447],[79.2378,23.7716],[79.2217,23.7844],[79.2317,23.8077],[79.2461,23.8285],[79.2142,23.8407],[79.1833,23.8334],[79.1782,23.8465],[79.1513,23.8473],[79.1128,23.8796],[79.1099,23.8973],[79.0944,23.9182],[79.0817,23.9188],[79.0712,23.9063],[79.0569,23.9215],[79.0757,23.9313],[79.0982,23.9538],[79.1043,23.9684],[79.1175,23.9776],[79.1316,23.9765],[79.1506,23.9959],[79.1816,24.0076],[79.1821,24.0266],[79.1705,24.0552],[79.155,24.0718],[79.1459,24.1009],[79.125,24.1019],[79.1146,24.12],[79.0758,24.1289],[79.0675,24.1631],[79.056,24.1707],[79.0516,24.1902],[79.0498,24.2232],[79.0628,24.2264],[79.0684,24.2452],[79.0675,24.2627],[79.0928,24.2431],[79.1121,24.2632],[79.1376,24.2532],[79.1556,24.2731],[79.1728,24.2772],[79.1693,24.3055],[79.185,24.3165],[79.1843,24.3253],[79.1661,24.3421],[79.1529,24.3744],[79.151,24.4049],[79.1664,24.4057],[79.1662,24.3859],[79.1596,24.3722],[79.1841,24.3575],[79.197,24.3587],[79.1992,24.3405],[79.2163,24.3311],[79.233,24.339],[79.2369,24.3609],[79.2476,24.376],[79.2387,24.4162],[79.2062,24.4161],[79.1958,24.4267],[79.1678,24.4298],[79.1351,24.4122],[79.102,24.4098],[79.0983,24.4015],[79.0734,24.4027],[79.0672,24.383],[79.0544,24.3698],[79.0377,24.3699],[79.0061,24.391],[78.9956,24.4026],[78.9936,24.4189]]]},"properties":{"DISTRICT":"Sagar","ST_NM":"Madhya Pradesh","ST_CEN_CD":23,"DT_CEN_CD":10}},
{"type":"Feature","geometry":{"type":"Polygon","coordinates":[[[78.241,31.3409],[78.22,31.3258],[78.2029,31.3294],[78.1715,31.3443],[78.1533,31.3599],[78.166,31.3782],[78.1467,31.3876],[78.1264,31.4058],[78.1104,31.4095],[78.1036,31.4198],[78.0888,31.4222],[78.0693,31.4156],[78.0546,31.4187],[78.0244,31.4008],[77.9955,31.4047],[77.9637,31.4025],[77.9607,31.4142],[77.9444,31.4234],[77.9326,31.4224],[77.9027,31.443],[77.8982,31.4567],[77.8801,31.4708],[77.8796,31.4915],[77.8594,31.5114],[77.8409,31.507],[77.8452,31.5274],[77.8354,31.5628],[77.8392,31.5796],[77.8143,31.611],[77.8249,31.6381],[77.8159,31.6576],[77.7947,31.6738],[77.7896,31.6871],[77.7719,31.7037],[77.7508,31.7139],[77.7348,31.7146],[77.7156,31.7042],[77.6859,31.7035],[77.6479,31.6577],[77.6634,31.6347],[77.6535,31.6293],[77.6486,31.613],[77.6491,31.5988],[77.6561,31.5783],[77.6843,31.5497],[77.6993,31.5419],[77.7012,31.5187],[77.709,31.5024],[77.6887,31.4865],[77.671,31.4628],[77.6322,31.4502],[77.6231,31.4235],[77.634,31.3974],[77.6197,31.3885],[77.5914,31.3955],[77.5714,31.3864],[77.5632,31.3886],[77.5542,31.3865],[77.5478,31.382],[77.5316,31.3534],[77.4985,31.3561],[77.4299,31.3415],[77.402,31.3621],[77.3968,31.3592],[77.3867,31.3613],[77.3854,31.3583],[77.3719,31.3588],[77.3642,31.3564],[77.3579,31.3519],[77.3529,31.3456],[77.3413,31.3226],[77.3367,31.2982],[77.3248,31.293],[77.3056,31.2713],[77.2827,31.2658],[77.2758,31.2735],[77.2403,31.2587],[77.2196,31.26],[77.2046,31.2446],[77.1902,31.2552],[77.1618,31.2308],[77.1326,31.2287],[77.1217,31.247],[77.0953,31.2445],[77.0608,31.2638],[77.0319,31.2752],[77.0177,31.2886],[77.0151,31.2716],[77.0048,31.2371],[77.02,31.2185],[77.0052,31.2031],[77.0057,31.1811],[77.0339,31.1589],[77.0125,31.1371],[77.0112,31.1185],[77.026,31.1093],[77.0467,31.1161],[77.056,31.1039],[77.026,31.0873],[77.0463,31.0801],[77.0585,31.0901],[77.0783,31.0851],[77.0867,31.0658],[77.0806,31.0566],[77.0871,31.043],[77.106,31.0314],[77.1205,31.0321],[77.1448,31.0209],[77.1489,31.0085],[77.1712,31.0048],[77.1774,31.0076],[77.1794,31.0082],[77.1808,31.0094],[77.1864,31.0091],[77.1973,31.0006],[77.1987,30.9994],[77.2039,30.9955],[77.2086,30.9911],[77.2027,30.9698],[77.2347,30.9603],[77.252,30.9477],[77.2405,30.9397],[77.2462,30.9188],[77.2609,30.9284],[77.2656,30.9407],[77.3006,30.9567],[77.3017,30.9681],[77.321,30.9759],[77.3375,31.0009],[77.3633,31.0098],[77.3738,31.0223],[77.3942,31.0121],[77.4324,30.9852],[77.4408,30.9759],[77.4425,30.945],[77.4297,30.9337],[77.4113,30.9264],[77.4123,30.9249],[77.4182,30.9207],[77.4248,30.9135],[77.4372,30.8875],[77.4321,30.8722],[77.4518,30.8626],[77.4774,30.8649],[77.4904,30.8357],[77.493,30.7941],[77.5243,30.7829],[77.5296,30.7958],[77.5526,30.7964],[77.5439,30.7764],[77.5872,30.7763],[77.6022,30.7812],[77.6205,30.7943],[77.6243,30.8081],[77.6646,30.8014],[77.6854,30.7867],[77.7022,30.7639],[77.7123,30.7687],[77.7184,30.7743],[77.7334,30.8036],[77.7581,30.8315],[77.7455,30.8461],[77.7558,30.8595],[77.755,30.8696],[77.7559,30.8736],[77.7586,30.8765],[77.7723,30.8758],[77.7793,30.8605],[77.7976,30.8673],[77.8006,30.8913],[77.815,30.908],[77.8052,30.9214],[77.7814,30.9158],[77.7598,30.9176],[77.7607,30.9293],[77.7475,30.9449],[77.7506,30.959],[77.7682,30.9722],[77.8107,30.9651],[77.8219,30.9892],[77.8391,31.0005],[77.8195,31.0495],[77.8392,31.0698],[77.8574,31.0767],[77.8661,31.1064],[77.8933,31.12],[77.8951,31.1328],[77.9169,31.1542],[77.9294,31.152],[77.9695,31.1741],[77.9841,31.1605],[78.0073,31.1624],[78.0225,31.1524],[78.0447,31.1806],[78.0687,31.1882],[78.1072,31.1881],[78.1341,31.2093],[78.1498,31.2114],[78.1628,31.2268],[78.1864,31.2271],[78.1999,31.2186],[78.2152,31.2209],[78.2218,31.2324],[78.2476,31.2302],[78.2633,31.2419],[78.2841,31.2666],[78.3085,31.2612],[78.3135,31.2834],[78.3067,31.2859],[78.2954,31.2927],[78.3018,31.3151],[78.2919,31.3238],[78.2557,31.3303],[78.241,31.3409]]]},"properties":{"DISTRICT":"Shimla","ST_NM":"Himachal Pradesh","ST_CEN_CD":2,"DT_CEN_CD":11}},
{"type":"Feature","geometry":{"type":"Polygon","coordinates":[[[75.3144,18.5185],[75.2805,18.5153],[75.2613,18.5088],[75.24,18.5435],[75.2277,18.5433],[75.2154,18.5544],[75.2042,18.5327],[75.1594,18.5199],[75.1349,18.5262],[75.1257,18.4939],[75.1056,18.4892],[75.1012,18.4696],[75.0927,18.4563],[75.0927,18.4338],[75.0765,18.4225],[75.059,18.42],[75.0503,18.4297],[75.0162,18.4366],[75.0065,18.4055],[74.9837,18.3997],[74.9653,18.3851],[74.9402,18.3853],[74.9158,18.3771],[74.9074,18.3562],[74.8712,18.3529],[74.8639,18.3347],[74.8519,18.3308],[74.8339,18.3392],[74.8327,18.3291],[74.8438,18.3096],[74.8423,18.2957],[74.8041,18.3014],[74.7966,18.2793],[74.8124,18.2697],[74.8332,18.2463],[74.842,18.2433],[74.8767,18.2473],[74.888,18.2574],[74.9159,18.258],[74.9511,18.2634],[74.9861,18.2414],[75.0131,18.2478],[75.0366,18.262],[75.0448,18.2534],[75.0197,18.2293],[75.0085,18.2121],[75.022,18.1875],[75.0366,18.1956],[75.0594,18.1976],[75.082,18.2179],[75.0972,18.2212],[75.1096,18.2143],[75.1142,18.1995],[75.11,18.1785],[75.0917,18.146],[75.0938,18.1222],[75.1184,18.1181],[75.1458,18.1233],[75.1581,18.121],[75.1632,18.1065],[75.1434,18.0958],[75.1303,18.0754],[75.1091,18.0737],[75.0907,18.0637],[75.0864,18.0459],[75.0625,18.0293],[75.025,17.981],[75.0215,17.962],[75.0403,17.9467],[75.0591,17.9513],[75.0706,17.9758],[75.099,17.9728],[75.1091,17.9931],[75.1234,17.9964],[75.135,17.9696],[75.1307,17.9542],[75.1148,17.9366],[75.0998,17.9423],[75.0845,17.9387],[75.0895,17.9231],[75.0723,17.9143],[75.0585,17.9252],[75.0465,17.9176],[75.0394,17.9033],[75.0268,17.893],[75.0177,17.9074],[74.9753,17.9161],[74.9621,17.915],[74.9435,17.9247],[74.9391,17.9399],[74.9171,17.9448],[74.8919,17.9379],[74.8674,17.951],[74.8518,17.9456],[74.8449,17.9523],[74.8613,17.9716],[74.8638,17.9913],[74.8313,17.9947],[74.8227,18.0136],[74.8103,18.0167],[74.7984,18.0065],[74.7773,18.0107],[74.7666,18.0225],[74.7511,18.0184],[74.7267,18.0294],[74.71,18.0293],[74.6796,18.0133],[74.6647,18.0006],[74.6681,17.9753],[74.6525,17.9184],[74.6333,17.8958],[74.6358,17.874],[74.6123,17.8565],[74.6087,17.8465],[74.6257,17.8306],[74.6487,17.8392],[74.6548,17.8609],[74.6788,17.85],[74.6855,17.8267],[74.6853,17.81],[74.7139,17.7832],[74.7455,17.7973],[74.7563,17.7799],[74.7509,17.7685],[74.7799,17.7706],[74.7889,17.7619],[74.8195,17.747],[74.8404,17.7251],[74.8733,17.7259],[74.8666,17.6956],[74.8775,17.6784],[74.8888,17.675],[74.8901,17.6595],[74.8996,17.65],[74.9055,17.6265],[74.9276,17.6169],[74.9186,17.5982],[74.918,17.5814],[74.9256,17.575],[74.9454,17.5861],[74.9654,17.5862],[74.9625,17.5661],[74.9888,17.5416],[74.9633,17.5223],[74.941,17.5126],[74.9505,17.4994],[74.9649,17.491],[74.9714,17.472],[74.9846,17.4657],[75,17.4794],[75.0276,17.4937],[75.036,17.491],[75.0409,17.4738],[75.0324,17.4454],[75.0343,17.4198],[75.0242,17.4084],[75.0065,17.4105],[74.9976,17.3916],[75.0072,17.3679],[74.9714,17.3444],[74.9704,17.3207],[74.9619,17.2934],[74.9408,17.2857],[74.9375,17.2731],[74.9139,17.2752],[74.9019,17.2609],[74.8997,17.2423],[74.8862,17.232],[74.8839,17.2204],[74.859,17.2147],[74.8666,17.1952],[74.8882,17.1796],[74.9071,17.1739],[74.9191,17.1617],[74.9265,17.1454],[74.9221,17.1284],[74.9665,17.1262],[74.9701,17.1318],[74.9573,17.1706],[74.9655,17.1939],[74.9822,17.1942],[74.9886,17.2039],[75.0079,17.2083],[75.0173,17.225],[75.0796,17.2218],[75.0749,17.2343],[75.0804,17.2477],[75.0992,17.2432],[75.1753,17.239],[75.191,17.2549],[75.1918,17.2665],[75.2252,17.2556],[75.248,17.255],[75.2386,17.2356],[75.2394,17.2162],[75.2139,17.1992],[75.225,17.1832],[75.2469,17.1789],[75.2693,17.1832],[75.2705,17.1485],[75.2961,17.1461],[75.3052,17.1708],[75.2845,17.1925],[75.2889,17.2152],[75.331,17.2187],[75.3339,17.2325],[75.3618,17.2355],[75.3699,17.2148],[75.3674,17.1909],[75.386,17.1909],[75.4061,17.1833],[75.4033,17.2111],[75.4097,17.2401],[75.4222,17.2648],[75.4307,17.2675],[75.4474,17.2556],[75.4672,17.2513],[75.4638,17.2389],[75.5152,17.2393],[75.528,17.2591],[75.5474,17.2777],[75.564,17.288],[75.6044,17.3047],[75.6145,17.3302],[75.6115,17.3437],[75.5824,17.3527],[75.5768,17.3843],[75.6142,17.3932],[75.6138,17.4234],[75.6238,17.4594],[75.6341,17.4788],[75.6481,17.4747],[75.6609,17.461],[75.6795,17.4553],[75.6794,17.4375],[75.6899,17.414],[75.7068,17.4097],[75.7359,17.4233],[75.7577,17.4098],[75.7687,17.4083],[75.7813,17.3803],[75.8104,17.3714],[75.8167,17.3822],[75.8154,17.3993],[75.8211,17.4211],[75.8381,17.422],[75.8552,17.4091],[75.8584,17.3905],[75.876,17.3985],[75.8764,17.4128],[75.8937,17.4074],[75.8958,17.3715],[75.893,17.3552],[75.9101,17.3474],[75.9307,17.3257],[75.9413,17.3265],[75.9712,17.3381],[76,17.3394],[76.0152,17.3523],[76.0365,17.3506],[76.0631,17.3536],[76.0734,17.334],[76.0941,17.3488],[76.102,17.364],[76.1213,17.368],[76.1378,17.3543],[76.1634,17.3427],[76.1641,17.3021],[76.1761,17.299],[76.1792,17.3157],[76.1726,17.3505],[76.1832,17.3583],[76.2294,17.365],[76.2448,17.3765],[76.2505,17.3597],[76.2708,17.3584],[76.2765,17.3324],[76.3179,17.3313],[76.3137,17.3451],[76.3444,17.3518],[76.3531,17.3125],[76.3826,17.3138],[76.3939,17.3382],[76.4116,17.3496],[76.409,17.3712],[76.3628,17.377],[76.3709,17.4098],[76.374,17.4362],[76.3344,17.4341],[76.3315,17.4706],[76.3508,17.4739],[76.3731,17.4875],[76.3674,17.497],[76.3467,17.4933],[76.3471,17.5132],[76.3672,17.5184],[76.3617,17.538],[76.3407,17.5442],[76.3349,17.5651],[76.3323,17.5965],[76.3738,17.5996],[76.4166,17.6059],[76.425,17.6232],[76.4296,17.646],[76.4122,17.6485],[76.4048,17.6572],[76.3813,17.6596],[76.3793,17.6856],[76.3616,17.6867],[76.3561,17.6962],[76.3192,17.6971],[76.3162,17.7156],[76.2992,17.7291],[76.2714,17.7275],[76.2396,17.6979],[76.1899,17.6824],[76.1496,17.699],[76.1499,17.7182],[76.1665,17.714],[76.1763,17.7311],[76.1482,17.7328],[76.1455,17.7543],[76.1161,17.769],[76.1081,17.7633],[76.0964,17.7787],[76.0562,17.7653],[76.0276,17.7659],[76.009,17.7506],[76.0031,17.7536],[76.0095,17.8028],[76.0185,17.8291],[75.9836,17.842],[75.975,17.8382],[75.9684,17.8188],[75.9397,17.8517],[75.9324,17.8506],[75.9195,17.8323],[75.8894,17.8448],[75.8763,17.846],[75.8581,17.8639],[75.8454,17.8919],[75.8515,17.9199],[75.8388,17.9294],[75.8395,17.9785],[75.8484,18.0004],[75.8575,18.0097],[75.8768,18.0131],[75.9073,18.004],[75.9129,17.9783],[75.9272,17.9729],[75.9611,17.9797],[75.9758,17.9706],[75.9857,17.99],[75.9966,17.9925],[76.0035,18.017],[76.0162,18.0395],[76.012,18.0501],[75.9919,18.0617],[76,18.0724],[75.9939,18.0916],[75.9617,18.0897],[75.9418,18.1254],[75.9568,18.1472],[75.9605,18.1609],[75.9483,18.1821],[75.9479,18.1984],[75.939,18.2162],[75.9481,18.2323],[75.9464,18.2422],[75.9273,18.2607],[75.9298,18.2726],[75.9244,18.3023],[75.9046,18.3249],[75.9023,18.336],[75.8837,18.366],[75.8516,18.3646],[75.8165,18.3826],[75.7988,18.3841],[75.7741,18.4118],[75.7638,18.44],[75.7285,18.434],[75.7113,18.393],[75.7274,18.389],[75.7319,18.3605],[75.7202,18.3377],[75.7079,18.3398],[75.6897,18.3242],[75.6555,18.3329],[75.6339,18.305],[75.6189,18.2743],[75.6335,18.2644],[75.6301,18.2452],[75.5867,18.2457],[75.5748,18.2401],[75.5624,18.2081],[75.5537,18.197],[75.547,18.1636],[75.5509,18.1449],[75.5334,18.1344],[75.5209,18.1417],[75.5116,18.1576],[75.4911,18.1564],[75.4911,18.174],[75.4747,18.1759],[75.4675,18.1619],[75.4287,18.1807],[75.4387,18.2081],[75.4277,18.2195],[75.4243,18.2411],[75.4325,18.2536],[75.429,18.264],[75.397,18.2652],[75.4012,18.2975],[75.3942,18.308],[75.4077,18.324],[75.3896,18.3289],[75.3802,18.3458],[75.3636,18.3597],[75.3603,18.37],[75.3398,18.3808],[75.3229,18.3955],[75.3068,18.3922],[75.2855,18.4117],[75.3016,18.4293],[75.2989,18.4558],[75.303,18.4852],[75.3011,18.5032],[75.3144,18.5185]]]},"properties":{"DISTRICT":"Solapur","ST_NM":"Maharashtra","ST_CEN_CD":27,"DT_CEN_CD":30}},
{"type":"Feature","geometry":{"type":"Polygon","coordinates":[[[77.2645,28.6075],[77.2466,28.6057],[77.2129,28.5818],[77.213,28.5769],[77.1992,28.5612],[77.1908,28.5374],[77.1786,28.5175],[77.1431,28.4905],[77.1151,28.4828],[77.1112,28.4711],[77.1279,28.4371],[77.1521,28.4303],[77.1754,28.4031],[77.2156,28.408],[77.2503,28.4234],[77.2496,28.4482],[77.2374,28.4643],[77.2524,28.4792],[77.2638,28.4801],[77.2879,28.4927],[77.3167,28.4852],[77.3477,28.5035],[77.3314,28.5304],[77.3051,28.5557],[77.3048,28.5768],[77.2767,28.5925],[77.2645,28.6075]]]},"properties":{"DISTRICT":"South","ST_NM":"Delhi  & NCR","ST_CEN_CD":7,"DT_CEN_CD":9}},
{"type":"Feature","geometry":{"type":"Polygon","coordinates":[[[77.1825,28.6482],[77.1521,28.6435],[77.1305,28.6326],[77.113,28.6136],[77.0917,28.6184],[77.0606,28.6173],[77.0382,28.6128],[77.0253,28.6272],[77.012,28.6298],[76.997,28.6477],[76.9521,28.6699],[76.9329,28.6641],[76.928,28.6481],[76.9437,28.6325],[76.9334,28.6235],[76.9201,28.6327],[76.9034,28.6276],[76.8877,28.6325],[76.8706,28.5974],[76.8599,28.585],[76.8425,28.5774],[76.8472,28.5519],[76.8663,28.5427],[76.889,28.5189],[76.8889,28.5039],[76.907,28.5126],[76.9322,28.5141],[76.9542,28.5084],[76.9781,28.5224],[77.0152,28.5092],[77.0253,28.5281],[77.0428,28.5231],[77.0666,28.5086],[77.0822,28.515],[77.1174,28.4885],[77.1151,28.4828],[77.1431,28.4905],[77.1786,28.5175],[77.1908,28.5374],[77.1992,28.5612],[77.213,28.5769],[77.1827,28.5852],[77.1723,28.5995],[77.1867,28.6256],[77.1825,28.6482]]]},"properties":{"DISTRICT":"South West","ST_NM":"Delhi  & NCR","ST_CEN_CD":7,"DT_CEN_CD":8}},
{"type":"Feature","geometry":{"type":"Polygon","coordinates":[[[74.7139,34.3467],[74.6894,34.3463],[74.6657,34.3087],[74.6746,34.2766],[74.6873,34.2547],[74.6962,34.2226],[74.7013,34.1735],[74.7202,34.1484],[74.7678,34.1185],[74.8135,34.0768],[74.8232,34.049],[74.8508,34.0468],[74.8771,34.0522],[74.8915,34.049],[74.9122,34.0307],[74.927,34.0003],[74.9294,33.9789],[74.9942,34.0173],[75.0227,34.0399],[75.0462,34.0637],[75.1041,34.0776],[75.1253,34.0774],[75.1489,34.0842],[75.1696,34.1135],[75.1712,34.1372],[75.1629,34.149],[75.1626,34.1677],[75.1825,34.195],[75.1937,34.1901],[75.1545,34.2152],[75.0248,34.2605],[74.914,34.2844],[74.8425,34.3067],[74.7576,34.3354],[74.7529,34.3395],[74.7139,34.3467]]]},"properties":{"DISTRICT":"Srinagar","ST_NM":"Jammu and Kashmir","ST_CEN_CD":1,"DT_CEN_CD":10}},
{"type":"Feature","geometry":{"type":"MultiPolygon","coordinates":[[[[73.4512,21.5226],[73.4247,21.5198],[73.4013,21.5067],[73.3885,21.5128],[73.3477,21.5103],[73.3244,21.4851],[73.3069,21.5044],[73.2744,21.5055],[73.2552,21.493],[73.2279,21.4932],[73.2142,21.502],[73.1843,21.5018],[73.1745,21.493],[73.1451,21.4958],[73.121,21.4819],[73.1163,21.4962],[73.1042,21.5049],[73.0801,21.5032],[73.0819,21.5305],[73.0748,21.5536],[73.0556,21.5647],[73.0394,21.5242],[73.0581,21.4946],[73.0535,21.4807],[73.042,21.4755],[73.0265,21.4801],[73.0189,21.4905],[73.0192,21.5226],[73.0102,21.5214],[72.9967,21.5358],[72.9859,21.5353],[72.9846,21.5195],[72.9426,21.5106],[72.9543,21.4838],[72.9246,21.4649],[72.9099,21.4297],[72.8983,21.4296],[72.884,21.4403],[72.8543,21.4499],[72.8374,21.4458],[72.8249,21.4256],[72.8138,21.4197],[72.7866,21.4234],[72.7893,21.4442],[72.7811,21.4573],[72.7582,21.4501],[72.7543,21.4605],[72.7388,21.47],[72.7042,21.4642],[72.6868,21.4468],[72.6854,21.4446],[72.6853,21.4443],[72.6851,21.4441],[72.6851,21.444],[72.6849,21.4436],[72.6796,21.4332],[72.6649,21.4274],[72.6462,21.4018],[72.6254,21.3815],[72.6246,21.3507],[72.5932,21.3121],[72.5888,21.2787],[72.5987,21.2782],[72.5971,21.2501],[72.6188,21.2229],[72.621,21.2074],[72.621,21.1429],[72.6263,21.0899],[72.636,21.0802],[72.6515,21.0768],[72.659,21.0879],[72.6582,21.1235],[72.6651,21.1535],[72.6813,21.1585],[72.716,21.1407],[72.7065,21.1274],[72.7001,21.101],[72.7038,21.0777],[72.6977,21.0614],[72.715,21.0693],[72.7312,21.0687],[72.7578,21.0612],[72.7756,21.0627],[72.8003,21.0748],[72.8161,21.0535],[72.8273,21.0577],[72.8624,21.0399],[72.8732,21.0556],[72.8916,21.059],[72.9076,21.0435],[72.9264,21.0429],[72.9507,21.0644],[72.9939,21.0635],[73.0096,21.0668],[73.0181,21.0585],[73.0131,21.0177],[73.0231,21.0183],[73.0429,21.0054],[73.072,20.9713],[73.0854,20.9668],[73.094,20.9363],[73.1004,20.9295],[73.1266,20.9205],[73.1256,20.8971],[73.1416,20.9014],[73.1647,20.9007],[73.1853,20.8842],[73.198,20.86],[73.2495,20.8484],[73.2491,20.8234],[73.2576,20.8174],[73.3027,20.8168],[73.3069,20.831],[73.3049,20.8588],[73.3095,20.878],[73.32,20.8789],[73.3181,20.9044],[73.2956,20.9177],[73.2905,20.9294],[73.2647,20.9207],[73.2579,20.925],[73.2571,20.9445],[73.2127,20.9548],[73.2264,20.9765],[73.2411,20.9857],[73.2274,21.0088],[73.2072,21.0125],[73.2046,21.0262],[73.21,21.0511],[73.1996,21.0564],[73.2031,21.074],[73.2244,21.0787],[73.2275,21.0914],[73.2502,21.0877],[73.254,21.0962],[73.2473,21.1127],[73.249,21.1275],[73.2743,21.1341],[73.2749,21.1471],[73.286,21.1538],[73.2894,21.1731],[73.2843,21.1927],[73.2948,21.1931],[73.3429,21.2193],[73.3628,21.2168],[73.3728,21.2249],[73.377,21.241],[73.3673,21.2643],[73.4186,21.2775],[73.4427,21.2678],[73.4487,21.2942],[73.4363,21.3179],[73.4395,21.3439],[73.4558,21.3803],[73.51,21.3758],[73.5133,21.354],[73.5431,21.3613],[73.5662,21.3601],[73.6023,21.3642],[73.6111,21.3728],[73.6328,21.3778],[73.6611,21.3784],[73.7004,21.3948],[73.6994,21.3955],[73.693,21.4166],[73.6964,21.4253],[73.6902,21.4487],[73.6765,21.4726],[73.6547,21.4779],[73.6158,21.4708],[73.5957,21.4827],[73.5621,21.4719],[73.5384,21.4752],[73.4795,21.493],[73.4714,21.5077],[73.4512,21.5226]]],[[[72.6765,21.1557],[72.6649,21.1485],[72.6757,21.1051],[72.6862,21.0907],[72.6985,21.1082],[72.6968,21.1187],[72.7049,21.1338],[72.7032,21.1462],[72.6765,21.1557]]]]},"properties":{"DISTRICT":"Surat","ST_NM":"Gujarat","ST_CEN_CD":24,"DT_CEN_CD":25}},
{"type":"Feature","geometry":{"type":"Polygon","coordinates":[[[92.4186,27.8222],[92.3877,27.8147],[92.3845,27.7942],[92.355,27.7898],[92.3207,27.7774],[92.3121,27.7784],[92.2895,27.8068],[92.2723,27.8532],[92.2601,27.8615],[92.2392,27.862],[92.2053,27.8564],[92.1611,27.8364],[92.1249,27.81],[92.0895,27.7791],[92.0603,27.7585],[92.0427,27.7566],[91.9889,27.7694],[91.9708,27.7508],[91.9606,27.7501],[91.9501,27.7281],[91.9238,27.7145],[91.9134,27.7257],[91.8837,27.7213],[91.8656,27.7364],[91.8504,27.7751],[91.8387,27.7794],[91.8332,27.8071],[91.8094,27.8084],[91.7764,27.8008],[91.7516,27.8029],[91.715,27.8129],[91.6995,27.8217],[91.6748,27.8563],[91.6474,27.8538],[91.6272,27.8574],[91.6129,27.8537],[91.5997,27.8617],[91.59,27.8559],[91.5753,27.8604],[91.5514,27.8465],[91.571,27.815],[91.6043,27.8205],[91.6336,27.8004],[91.6365,27.7712],[91.6454,27.7576],[91.635,27.7466],[91.629,27.7055],[91.5971,27.6828],[91.595,27.6714],[91.5721,27.652],[91.5629,27.633],[91.5819,27.5991],[91.5671,27.5837],[91.5866,27.5618],[91.5994,27.539],[91.6142,27.5411],[91.6254,27.5128],[91.649,27.4984],[91.6581,27.4824],[91.6949,27.5021],[91.7154,27.4906],[91.7186,27.473],[91.738,27.4696],[91.7613,27.4727],[91.7785,27.4638],[91.8141,27.4719],[91.8331,27.4683],[91.8538,27.4818],[91.8677,27.4813],[91.8768,27.4721],[91.9031,27.4675],[91.9273,27.4706],[91.9439,27.4598],[91.9699,27.466],[91.9835,27.4642],[91.9936,27.4735],[92.0157,27.481],[92.0227,27.5017],[92.0523,27.5162],[92.0963,27.5178],[92.1154,27.5248],[92.1275,27.5391],[92.1359,27.5622],[92.1552,27.577],[92.1866,27.5808],[92.2125,27.5799],[92.2255,27.6026],[92.2253,27.6269],[92.2365,27.6435],[92.2479,27.6505],[92.273,27.6481],[92.3461,27.6722],[92.3828,27.6658],[92.3966,27.6723],[92.4166,27.7086],[92.4122,27.7171],[92.4204,27.7404],[92.4159,27.7553],[92.4249,27.7663],[92.4614,27.7774],[92.4641,27.7817],[92.4755,27.8072],[92.4717,27.8143],[92.4485,27.7999],[92.432,27.8112],[92.4186,27.8222]]]},"properties":{"DISTRICT":"Tawang","ST_NM":"Arunanchal Pradesh","ST_CEN_CD":12,"DT_CEN_CD":1}},
{"type":"Feature","geometry":{"type":"Polygon","coordinates":[[[78.2828,9.2751],[78.2839,9.2863],[78.2702,9.2915],[78.2254,9.296],[78.2148,9.3027],[78.2108,9.3252],[78.1757,9.3372],[78.1682,9.3533],[78.1702,9.368],[78.1498,9.3711],[78.1335,9.3649],[78.0784,9.3571],[78.0599,9.3609],[78.0526,9.3428],[78.036,9.3312],[78.0453,9.3045],[78.0128,9.3046],[78.0114,9.2728],[77.9886,9.2659],[77.9853,9.2541],[77.9574,9.2495],[77.9455,9.2186],[77.9311,9.2219],[77.9218,9.2016],[77.9122,9.1987],[77.8814,9.2062],[77.8774,9.2261],[77.8821,9.2428],[77.8583,9.2469],[77.8482,9.2422],[77.8612,9.195],[77.8548,9.1816],[77.8428,9.1838],[77.8425,9.1669],[77.8188,9.1696],[77.8112,9.1754],[77.7871,9.1639],[77.7462,9.1606],[77.7382,9.1851],[77.7076,9.1862],[77.7064,9.1686],[77.6926,9.1571],[77.7018,9.1355],[77.6761,9.1355],[77.6789,9.1049],[77.69,9.1004],[77.7414,9.1034],[77.746,9.0763],[77.7371,9.0701],[77.7092,9.0705],[77.7028,9.0612],[77.713,9.0437],[77.6951,9.0312],[77.6992,9.0011],[77.7237,9.0004],[77.7302,8.9807],[77.7214,8.9644],[77.705,8.968],[77.6985,8.9784],[77.6818,8.966],[77.6924,8.9557],[77.6948,8.9286],[77.7322,8.9214],[77.7473,8.9322],[77.7626,8.923],[77.7628,8.8876],[77.7737,8.8797],[77.7969,8.8824],[77.806,8.8725],[77.8216,8.8436],[77.8405,8.815],[77.8536,8.8013],[77.8478,8.7864],[77.8179,8.771],[77.8278,8.7318],[77.8126,8.6803],[77.8264,8.6716],[77.8093,8.6565],[77.82,8.6487],[77.8199,8.6312],[77.8061,8.6132],[77.786,8.6163],[77.7834,8.5817],[77.808,8.5704],[77.8208,8.5506],[77.8127,8.5298],[77.8234,8.5175],[77.8316,8.4877],[77.8428,8.4701],[77.8334,8.4542],[77.8407,8.4497],[77.8344,8.4309],[77.8504,8.4207],[77.8608,8.3991],[77.8503,8.3625],[77.8864,8.3486],[77.8924,8.324],[77.9142,8.3219],[77.928,8.3299],[77.95,8.3353],[77.9759,8.3353],[78.0409,8.3583],[78.0634,8.3701],[78.0599,8.381],[78.0672,8.4163],[78.1055,8.4632],[78.1291,8.4841],[78.1331,8.4987],[78.127,8.5127],[78.1248,8.5361],[78.1348,8.5528],[78.1418,8.5908],[78.1263,8.6352],[78.1389,8.6766],[78.141,8.6929],[78.1599,8.7163],[78.1699,8.7435],[78.1901,8.7618],[78.1753,8.7664],[78.1654,8.7584],[78.1649,8.7931],[78.1721,8.8804],[78.183,8.8965],[78.1916,8.9285],[78.2125,8.9616],[78.2678,9.0008],[78.2821,9.0216],[78.307,9.0291],[78.3092,9.0387],[78.3406,9.0553],[78.3476,9.0647],[78.3913,9.0939],[78.3605,9.098],[78.3596,9.1135],[78.3239,9.1309],[78.2907,9.135],[78.2761,9.141],[78.2895,9.1666],[78.2991,9.2033],[78.2726,9.202],[78.2769,9.2626],[78.2828,9.2751]]]},"properties":{"DISTRICT":"Thoothukkudi","ST_NM":"Tamil Nadu","ST_CEN_CD":33,"DT_CEN_CD":26}},
{"type":"Feature","geometry":{"type":"Polygon","coordinates":[[[78.6654,11.372],[78.6433,11.3424],[78.6187,11.3341],[78.6093,11.3365],[78.5783,11.3145],[78.5562,11.3148],[78.5521,11.3573],[78.5249,11.371],[78.4984,11.4026],[78.4864,11.4031],[78.4807,11.3861],[78.4706,11.3846],[78.4563,11.3502],[78.452,11.3276],[78.4663,11.3108],[78.4561,11.3004],[78.4506,11.2773],[78.4395,11.2668],[78.4397,11.2564],[78.4295,11.2378],[78.4211,11.2103],[78.4092,11.1953],[78.3814,11.1867],[78.3776,11.1752],[78.3823,11.1384],[78.3494,11.135],[78.3432,11.1111],[78.326,11.0976],[78.3381,11.0808],[78.3626,11.0625],[78.3597,11.0454],[78.3505,11.0464],[78.3448,11.0245],[78.3289,11.0301],[78.324,11.0563],[78.2968,11.0697],[78.2751,11.0763],[78.2647,11.067],[78.2482,11.0908],[78.2297,11.0931],[78.2365,11.0656],[78.2204,11.0635],[78.2036,11.0717],[78.1957,11.0612],[78.1829,11.0669],[78.1648,11.0432],[78.1843,11.0394],[78.1974,11.0435],[78.1953,11.0212],[78.1685,11.0109],[78.1675,11.0003],[78.199,10.959],[78.2194,10.9576],[78.246,10.9657],[78.2798,10.9658],[78.299,10.9608],[78.3287,10.9585],[78.3823,10.9646],[78.4267,10.9466],[78.4424,10.931],[78.4775,10.908],[78.4693,10.8852],[78.4783,10.8814],[78.489,10.8923],[78.533,10.8769],[78.5491,10.8756],[78.5773,10.8505],[78.5712,10.8331],[78.5871,10.8292],[78.5767,10.8082],[78.5541,10.8118],[78.5457,10.792],[78.5697,10.7753],[78.564,10.7668],[78.5673,10.7367],[78.5531,10.7223],[78.5263,10.7083],[78.5141,10.6922],[78.474,10.7038],[78.4583,10.6891],[78.4326,10.6923],[78.4274,10.6761],[78.4161,10.6725],[78.4019,10.681],[78.4033,10.692],[78.3777,10.7251],[78.3466,10.7205],[78.3406,10.7059],[78.3304,10.709],[78.3171,10.7018],[78.2942,10.7023],[78.2926,10.7289],[78.2829,10.7443],[78.2643,10.6147],[78.2564,10.6056],[78.2611,10.5804],[78.246,10.5575],[78.223,10.5492],[78.1978,10.5469],[78.1922,10.5413],[78.1718,10.5018],[78.1906,10.4964],[78.2079,10.472],[78.2242,10.4629],[78.2351,10.4683],[78.2552,10.4584],[78.2968,10.449],[78.315,10.4383],[78.3066,10.4085],[78.2887,10.4011],[78.2797,10.3872],[78.2814,10.3698],[78.305,10.3504],[78.318,10.3481],[78.3377,10.3257],[78.3341,10.2999],[78.3649,10.2929],[78.3806,10.309],[78.3914,10.3157],[78.4155,10.3616],[78.437,10.3626],[78.4475,10.3715],[78.4397,10.3872],[78.4464,10.407],[78.4576,10.4072],[78.5075,10.3867],[78.5077,10.3749],[78.5268,10.3808],[78.5296,10.3999],[78.5179,10.4058],[78.5247,10.4359],[78.5621,10.4306],[78.5881,10.4558],[78.5893,10.4735],[78.5708,10.4874],[78.5804,10.5064],[78.5688,10.5145],[78.5433,10.5068],[78.5295,10.4856],[78.5219,10.4819],[78.4984,10.4842],[78.4971,10.5074],[78.4852,10.511],[78.4904,10.5259],[78.4828,10.5393],[78.4647,10.5421],[78.4647,10.5737],[78.4519,10.5912],[78.4508,10.605],[78.4812,10.6364],[78.5284,10.6273],[78.5293,10.6419],[78.5193,10.6503],[78.5257,10.6732],[78.5476,10.6748],[78.5527,10.6858],[78.5695,10.6788],[78.5674,10.6599],[78.5956,10.6566],[78.6139,10.6808],[78.6228,10.6756],[78.6296,10.7042],[78.6595,10.703],[78.6533,10.6797],[78.6543,10.6559],[78.6665,10.6579],[78.6681,10.6722],[78.6831,10.6689],[78.6833,10.6857],[78.6951,10.6965],[78.6883,10.7266],[78.7083,10.7296],[78.7241,10.7127],[78.7425,10.7079],[78.7466,10.6867],[78.7367,10.6702],[78.7447,10.6464],[78.7611,10.6517],[78.7898,10.6467],[78.8102,10.6712],[78.8208,10.6932],[78.8729,10.6876],[78.8714,10.7059],[78.8653,10.7342],[78.8788,10.7874],[78.8701,10.7856],[78.8641,10.8017],[78.8711,10.8147],[78.8641,10.8261],[78.8005,10.8229],[78.7974,10.837],[78.8185,10.836],[78.8554,10.8436],[78.9276,10.8671],[78.9439,10.8874],[78.9999,10.8922],[79.0074,10.8894],[78.9999,10.9202],[78.9798,10.9334],[78.9662,10.9483],[78.9534,10.9486],[78.9392,10.9583],[78.9528,10.9694],[78.9779,10.9659],[78.986,10.9762],[78.9844,10.9902],[79.0095,11.0073],[79.0123,11.0155],[79.009,11.0568],[79.0019,11.069],[78.9875,11.0754],[78.9853,11.0864],[78.9663,11.0943],[78.9326,11.0946],[78.8842,11.1009],[78.8734,11.0928],[78.8463,11.0883],[78.8407,11.0759],[78.8088,11.0797],[78.8108,11.1118],[78.7621,11.1216],[78.7373,11.1075],[78.7341,11.0978],[78.7411,11.0744],[78.7203,11.0731],[78.7092,11.0636],[78.7013,11.0706],[78.6987,11.0903],[78.6802,11.1287],[78.6799,11.1453],[78.6726,11.1639],[78.6537,11.1633],[78.679,11.1927],[78.7014,11.1924],[78.7085,11.2102],[78.7124,11.2481],[78.7255,11.2579],[78.7305,11.2701],[78.7514,11.2844],[78.7387,11.2939],[78.7328,11.321],[78.7092,11.3226],[78.6865,11.3193],[78.6543,11.3308],[78.6508,11.3385],[78.6598,11.3538],[78.6744,11.3589],[78.6654,11.372]]]},"properties":{"DISTRICT":"Tiruchirappalli","ST_NM":"Tamil Nadu","ST_CEN_CD":33,"DT_CEN_CD":13}},
{"type":"Feature","geometry":{"type":"Polygon","coordinates":[[[75.2915,33.0969],[75.2639,33.1073],[75.2152,33.1305],[75.1404,33.1449],[75.0764,33.1643],[75.0629,33.1516],[75.0355,33.1365],[75.0217,33.1187],[75.0167,33.0919],[75.0287,33.0666],[75.0443,33.0435],[75.049,33.0191],[75.0448,33.0015],[75.0021,32.9767],[74.9621,32.9448],[74.9543,32.9281],[74.9467,32.8771],[74.9679,32.8783],[74.9764,32.8513],[74.9966,32.8465],[75.0502,32.8844],[75.0746,32.8678],[75.1135,32.8225],[75.148,32.7991],[75.1609,32.77],[75.1995,32.7116],[75.2503,32.6663],[75.2927,32.643],[75.3289,32.6332],[75.3718,32.6304],[75.3988,32.6559],[75.4206,32.668],[75.4547,32.6717],[75.4705,32.6888],[75.4762,32.716],[75.4879,32.7398],[75.516,32.7434],[75.5902,32.7389],[75.6543,32.7546],[75.6702,32.77],[75.682,32.7955],[75.6979,32.8109],[75.7259,32.8229],[75.7799,32.8419],[75.8245,32.8538],[75.7918,32.8623],[75.7516,32.8655],[75.7273,32.8908],[75.6888,32.9159],[75.6665,32.9344],[75.6221,32.9545],[75.5878,32.9661],[75.5233,32.9808],[75.4728,32.999],[75.4422,33.031],[75.4199,33.0443],[75.3835,33.0576],[75.3489,33.081],[75.3166,33.0874],[75.2915,33.0969]]]},"properties":{"DISTRICT":"Udhampur","ST_NM":"Jammu and Kashmir","ST_CEN_CD":1,"DT_CEN_CD":19}},
{"type":"Feature","geometry":{"type":"Polygon","coordinates":[[[76.1133,23.2413],[76.1258,23.2615],[76.1295,23.2781],[76.145,23.2805],[76.1684,23.2634],[76.1823,23.2761],[76.1874,23.2912],[76.1847,23.3047],[76.1897,23.3241],[76.2033,23.3419],[76.2151,23.3461],[76.2239,23.3358],[76.243,23.344],[76.2496,23.3786],[76.2419,23.3894],[76.2258,23.3842],[76.2087,23.386],[76.2068,23.4103],[76.1976,23.4241],[76.2091,23.4402],[76.2097,23.4523],[76.1945,23.4635],[76.1941,23.4747],[76.2214,23.4928],[76.2434,23.4961],[76.2314,23.5261],[76.2126,23.5271],[76.2069,23.5076],[76.1962,23.4989],[76.1711,23.5059],[76.1613,23.5018],[76.1553,23.5221],[76.1694,23.5335],[76.174,23.5529],[76.1612,23.5749],[76.1451,23.5735],[76.1301,23.556],[76.1129,23.5447],[76.1055,23.55],[76.1004,23.5711],[76.0884,23.5759],[76.0629,23.5623],[76.0475,23.5682],[76.0047,23.5647],[76,23.5808],[75.9845,23.5715],[75.9542,23.5684],[75.9515,23.5542],[75.9335,23.5532],[75.9187,23.5674],[75.9043,23.5696],[75.8899,23.5583],[75.852,23.5702],[75.8407,23.5877],[75.8347,23.6229],[75.825,23.6475],[75.8144,23.6538],[75.8175,23.6719],[75.8428,23.6863],[75.85,23.7155],[75.845,23.7296],[75.8288,23.732],[75.8225,23.6975],[75.7918,23.7109],[75.7844,23.7233],[75.7527,23.7257],[75.7327,23.7469],[75.7282,23.7578],[75.6911,23.7471],[75.6874,23.7148],[75.6627,23.708],[75.6456,23.7083],[75.6288,23.6941],[75.6218,23.6616],[75.5902,23.6624],[75.5796,23.6557],[75.5644,23.6575],[75.5557,23.6671],[75.5245,23.6688],[75.5039,23.6194],[75.5146,23.5886],[75.5006,23.5711],[75.4976,23.555],[75.5219,23.5459],[75.5237,23.5399],[75.4969,23.526],[75.4719,23.5358],[75.4569,23.5492],[75.4428,23.5534],[75.431,23.5651],[75.4045,23.5812],[75.398,23.6019],[75.3719,23.603],[75.3329,23.5932],[75.3309,23.615],[75.3152,23.6233],[75.3111,23.605],[75.2795,23.5875],[75.2797,23.5607],[75.2739,23.542],[75.2575,23.5427],[75.2441,23.5344],[75.2361,23.5149],[75.2267,23.5232],[75.2082,23.5244],[75.2022,23.5338],[75.1835,23.5184],[75.1714,23.4808],[75.1769,23.4673],[75.1732,23.4556],[75.1579,23.4357],[75.1578,23.4213],[75.1374,23.4135],[75.1342,23.4053],[75.1652,23.3988],[75.1921,23.3615],[75.2058,23.3499],[75.1954,23.3327],[75.2153,23.3291],[75.2374,23.3121],[75.2604,23.3123],[75.2609,23.3009],[75.2896,23.3015],[75.3251,23.2964],[75.3238,23.2786],[75.2688,23.2734],[75.2628,23.2686],[75.2647,23.2458],[75.2832,23.2356],[75.2826,23.2195],[75.2497,23.2273],[75.2287,23.2135],[75.2278,23.1989],[75.2359,23.1844],[75.2358,23.1649],[75.2415,23.1359],[75.2754,23.1354],[75.302,23.129],[75.3025,23.1136],[75.3175,23.1099],[75.3207,23.0915],[75.3386,23.0587],[75.3385,23.0432],[75.3122,23.0461],[75.3044,23.0226],[75.303,22.9951],[75.3244,22.9877],[75.3259,22.957],[75.306,22.9543],[75.3087,22.9309],[75.32,22.9293],[75.3249,22.8824],[75.3342,22.8721],[75.3319,22.8388],[75.3414,22.8317],[75.3563,22.8343],[75.3719,22.852],[75.3745,22.8683],[75.4036,22.8718],[75.4378,22.8695],[75.4403,22.9075],[75.4563,22.9155],[75.4623,22.9258],[75.4763,22.9269],[75.4769,22.9399],[75.4557,22.9416],[75.464,22.9639],[75.4804,22.9677],[75.4795,23.002],[75.5078,23.0052],[75.5094,23.0202],[75.543,23.0475],[75.5517,23.0638],[75.5667,23.065],[75.5675,23.0861],[75.6087,23.09],[75.6289,23.0838],[75.6288,23.0701],[75.6196,23.0579],[75.6346,23.0206],[75.65,23.0253],[75.6738,23.0178],[75.6845,23.0218],[75.7119,23.0212],[75.7308,23.0165],[75.7377,23.0352],[75.7619,23.0367],[75.7683,23.029],[75.8073,23.0362],[75.8128,23.0409],[75.8483,23.032],[75.8738,23.0382],[75.9005,23.0003],[75.9037,23.0256],[75.9308,23.031],[75.9554,23.0234],[75.9639,23.0256],[75.9795,23.0428],[75.9821,23.068],[75.9902,23.0868],[75.9758,23.1038],[75.9612,23.1047],[75.9599,23.1263],[75.9337,23.1348],[75.943,23.1505],[75.9542,23.181],[75.951,23.2261],[75.9344,23.2244],[75.9292,23.273],[75.9337,23.2963],[75.9413,23.2992],[75.9489,23.3198],[75.9622,23.3215],[75.9657,23.3036],[75.9753,23.3037],[75.9923,23.2803],[75.9938,23.269],[75.9748,23.2646],[75.9776,23.2447],[76,23.2469],[76.004,23.2075],[76.0169,23.1888],[76.0302,23.1804],[76.0331,23.1409],[76.0459,23.1253],[76.057,23.0973],[76.0529,23.0783],[76.0719,23.0657],[76.0771,23.0491],[76.1023,23.0527],[76.11,23.0602],[76.1026,23.0921],[76.0808,23.1184],[76.069,23.1206],[76.0604,23.139],[76.048,23.1429],[76.0511,23.1793],[76.0621,23.1788],[76.0717,23.1621],[76.0868,23.1697],[76.127,23.1759],[76.1392,23.1834],[76.14,23.194],[76.1242,23.2098],[76.0883,23.2011],[76.0832,23.1926],[76.0528,23.2015],[76.0704,23.2085],[76.0663,23.2257],[76.0727,23.2372],[76.0927,23.2337],[76.1133,23.2413]]]},"properties":{"DISTRICT":"Ujjain","ST_NM":"Madhya Pradesh","ST_CEN_CD":23,"DT_CEN_CD":18}},
{"type":"Feature","geometry":{"type":"Polygon","coordinates":[[[83.0723,25.5507],[83.0595,25.5538],[83.0413,25.5426],[83.0294,25.5706],[83.0218,25.5754],[83.008,25.5593],[83.0115,25.5484],[82.9826,25.5538],[82.965,25.5268],[82.945,25.5302],[82.9458,25.5454],[82.929,25.5704],[82.8772,25.5672],[82.8668,25.58],[82.8548,25.5635],[82.8382,25.566],[82.8284,25.5511],[82.8004,25.5526],[82.7857,25.5434],[82.7797,25.5289],[82.761,25.5412],[82.7425,25.5462],[82.714,25.5307],[82.7239,25.523],[82.7254,25.5048],[82.7145,25.4969],[82.7111,25.4814],[82.7363,25.4708],[82.7364,25.4621],[82.7054,25.457],[82.7047,25.4467],[82.7184,25.433],[82.6886,25.4299],[82.6848,25.4101],[82.6937,25.3945],[82.7093,25.3882],[82.7099,25.3784],[82.6827,25.3527],[82.6886,25.3324],[82.7018,25.326],[82.6872,25.2791],[82.6754,25.2811],[82.672,25.2482],[82.6824,25.2606],[82.7107,25.2626],[82.7151,25.2529],[82.7369,25.2541],[82.7454,25.2417],[82.7572,25.2427],[82.7624,25.2678],[82.7798,25.2487],[82.8171,25.2572],[82.8128,25.2444],[82.816,25.228],[82.8054,25.2241],[82.8136,25.2061],[82.7925,25.2099],[82.7937,25.1791],[82.8099,25.1883],[82.8256,25.1852],[82.8381,25.1678],[82.8568,25.1691],[82.8689,25.1852],[82.8716,25.1995],[82.8917,25.2088],[82.9188,25.2131],[82.936,25.2078],[83.0022,25.2027],[83.0127,25.2092],[83.0341,25.2415],[83.0614,25.2444],[83.0491,25.282],[83.0225,25.2922],[83.0173,25.3032],[83.0406,25.3175],[83.0901,25.3301],[83.1388,25.3169],[83.1572,25.3263],[83.1762,25.353],[83.1948,25.4053],[83.1909,25.419],[83.1547,25.4376],[83.1308,25.444],[83.1438,25.4692],[83.1702,25.4872],[83.1797,25.5103],[83.174,25.5235],[83.1589,25.5173],[83.1521,25.506],[83.1323,25.508],[83.1183,25.521],[83.087,25.4937],[83.0644,25.5285],[83.076,25.5353],[83.0723,25.5507]]]},"properties":{"DISTRICT":"Varanasi","ST_NM":"Uttar Pradesh","ST_CEN_CD":9,"DT_CEN_CD":66}},
{"type":"Feature","geometry":{"type":"Polygon","coordinates":[[[79.7855,13.0221],[79.7868,13.0525],[79.7712,13.0592],[79.7488,13.0502],[79.7265,13.0669],[79.7406,13.0743],[79.7323,13.0952],[79.7166,13.1048],[79.7346,13.1163],[79.7396,13.1365],[79.7358,13.1644],[79.7037,13.1602],[79.6923,13.1645],[79.6924,13.1897],[79.671,13.1814],[79.6708,13.2007],[79.655,13.2083],[79.6452,13.1782],[79.6324,13.1689],[79.6361,13.1475],[79.6295,13.1436],[79.592,13.1424],[79.5952,13.1222],[79.5716,13.1215],[79.5698,13.134],[79.529,13.1361],[79.517,13.1427],[79.505,13.1367],[79.4824,13.1381],[79.4756,13.1128],[79.4533,13.0922],[79.437,13.1251],[79.4242,13.1445],[79.4122,13.1356],[79.4125,13.1201],[79.4023,13.1059],[79.4217,13.098],[79.4169,13.083],[79.3827,13.0787],[79.3472,13.0605],[79.3226,13.0793],[79.3014,13.0896],[79.2858,13.1197],[79.2861,13.1328],[79.2835,13.1499],[79.2555,13.1452],[79.2385,13.1464],[79.2268,13.1394],[79.2346,13.1278],[79.2265,13.1087],[79.2055,13.1015],[79.1816,13.0648],[79.1888,13.0501],[79.1829,13.0275],[79.165,13.0191],[79.1314,13.0343],[79.1165,13.0359],[79.0949,13.0241],[79.0812,13.0257],[79.0661,13.0397],[79.0653,13.0495],[79.0379,13.061],[79.0348,13.0678],[79.0123,13.0693],[78.9936,13.0875],[78.9577,13.0748],[78.9262,13.079],[78.9127,13.0633],[78.9053,13.0463],[78.9292,13.0438],[78.9393,13.0347],[78.8937,13.031],[78.8912,13.0367],[78.8921,13.0807],[78.8952,13.0931],[78.8764,13.0958],[78.87,13.0821],[78.8439,13.0806],[78.8124,13.0865],[78.7891,13.0641],[78.751,13.0563],[78.737,13.0636],[78.7139,13.0669],[78.7053,13.0152],[78.6625,13.0286],[78.6531,13.0123],[78.6319,12.9932],[78.6317,12.9846],[78.6583,12.9298],[78.6363,12.9249],[78.6175,12.8845],[78.616,12.8682],[78.6032,12.8493],[78.6093,12.8219],[78.5999,12.8156],[78.5918,12.778],[78.5698,12.7624],[78.5574,12.7394],[78.5572,12.7182],[78.564,12.7079],[78.5531,12.6958],[78.5361,12.6905],[78.5277,12.7143],[78.5059,12.741],[78.4912,12.7407],[78.5053,12.7219],[78.5207,12.7156],[78.5047,12.7044],[78.5052,12.6803],[78.4858,12.6699],[78.4693,12.6729],[78.4714,12.6281],[78.4366,12.6255],[78.43,12.6312],[78.4092,12.6242],[78.4079,12.6011],[78.4205,12.5679],[78.4148,12.5261],[78.4205,12.5109],[78.4172,12.486],[78.4338,12.4616],[78.451,12.4495],[78.4548,12.429],[78.4365,12.3962],[78.4597,12.384],[78.4667,12.3905],[78.4901,12.3866],[78.4929,12.4038],[78.507,12.399],[78.516,12.4044],[78.545,12.3965],[78.5702,12.3854],[78.5746,12.3732],[78.5923,12.3569],[78.6132,12.351],[78.6172,12.3373],[78.601,12.3228],[78.6147,12.2939],[78.6046,12.2712],[78.607,12.2628],[78.6408,12.2656],[78.6522,12.2578],[78.6919,12.2834],[78.6975,12.295],[78.7121,12.3047],[78.717,12.3263],[78.7359,12.3766],[78.7526,12.3836],[78.7707,12.4238],[78.7643,12.4459],[78.7817,12.4665],[78.7775,12.4761],[78.7919,12.4979],[78.8006,12.4985],[78.8189,12.5301],[78.831,12.5648],[78.8604,12.6341],[78.8675,12.6313],[78.8859,12.6602],[78.8983,12.6875],[78.9151,12.6841],[78.9267,12.6757],[78.9471,12.6797],[78.9809,12.6659],[78.9955,12.703],[79.0141,12.6991],[79.0239,12.6898],[79.0339,12.6932],[79.0562,12.7177],[79.0582,12.7359],[79.0752,12.7518],[79.1411,12.7574],[79.176,12.7439],[79.1881,12.7475],[79.2061,12.7403],[79.2151,12.76],[79.2094,12.784],[79.2414,12.7958],[79.255,12.822],[79.2656,12.7888],[79.2884,12.7801],[79.2864,12.76],[79.2984,12.7462],[79.3236,12.7425],[79.3449,12.7281],[79.3461,12.6931],[79.3585,12.6967],[79.3591,12.7182],[79.3771,12.7209],[79.3806,12.7325],[79.3968,12.7255],[79.394,12.7122],[79.3824,12.7078],[79.3927,12.6855],[79.3701,12.6805],[79.3573,12.672],[79.3644,12.6562],[79.3552,12.6446],[79.3689,12.6328],[79.3841,12.6273],[79.409,12.6475],[79.4125,12.6556],[79.4306,12.6597],[79.4525,12.6703],[79.4621,12.6837],[79.4668,12.7145],[79.4775,12.7273],[79.4573,12.7363],[79.4568,12.7547],[79.4767,12.7761],[79.465,12.7855],[79.4573,12.8103],[79.4624,12.8277],[79.4595,12.8455],[79.4743,12.8505],[79.474,12.8715],[79.4901,12.8723],[79.5146,12.8538],[79.5398,12.86],[79.5604,12.8496],[79.5677,12.8564],[79.5597,12.8736],[79.573,12.8994],[79.6218,12.9122],[79.662,12.9296],[79.6609,12.9482],[79.6803,12.956],[79.6907,12.9674],[79.7349,12.985],[79.7607,13.0104],[79.7855,13.0221]]]},"properties":{"DISTRICT":"Vellore","ST_NM":"Tamil Nadu","ST_CEN_CD":33,"DT_CEN_CD":4}},
{"type":"Feature","geometry":{"type":"Polygon","coordinates":[[[83.1467,18.1767],[83.1634,18.1838],[83.1516,18.2061],[83.1556,18.2259],[83.1378,18.2487],[83.1357,18.2546],[83.1378,18.2605],[83.143,18.2602],[83.1481,18.2586],[83.1587,18.2525],[83.183,18.2291],[83.2008,18.1954],[83.2184,18.1903],[83.2224,18.2107],[83.2467,18.2015],[83.2494,18.2248],[83.2539,18.2269],[83.2595,18.2264],[83.2679,18.2163],[83.274,18.225],[83.2699,18.2386],[83.2685,18.275],[83.2356,18.2889],[83.2232,18.2979],[83.2193,18.3128],[83.2282,18.3309],[83.2129,18.3333],[83.1729,18.3095],[83.167,18.3111],[83.155,18.3413],[83.1314,18.3529],[83.1022,18.359],[83.087,18.3209],[83.0819,18.3172],[83.0767,18.3232],[83.0737,18.3348],[83.0777,18.3504],[83.0725,18.3687],[83.075,18.3811],[83.0971,18.4045],[83.0897,18.4143],[83.0741,18.4019],[83.0644,18.386],[83.0478,18.3788],[83.0199,18.3869],[83.0002,18.3837],[82.9847,18.3636],[82.9681,18.3659],[82.941,18.36],[82.9359,18.3696],[82.911,18.3645],[82.8932,18.3872],[82.8992,18.4007],[82.8929,18.4212],[82.8876,18.4231],[82.8853,18.4203],[82.8783,18.4147],[82.8569,18.4234],[82.827,18.4417],[82.8074,18.4477],[82.7845,18.428],[82.7958,18.3986],[82.7862,18.3794],[82.7925,18.3626],[82.7754,18.3396],[82.7594,18.3368],[82.7427,18.3217],[82.7256,18.3233],[82.7192,18.3213],[82.7109,18.3169],[82.7088,18.3083],[82.7064,18.3048],[82.7021,18.3058],[82.6987,18.3055],[82.6901,18.3012],[82.6733,18.2991],[82.6532,18.2656],[82.656,18.2533],[82.64,18.2371],[82.6218,18.2479],[82.6179,18.2577],[82.5976,18.2652],[82.594,18.2893],[82.598,18.3278],[82.6122,18.3287],[82.6048,18.3491],[82.617,18.3595],[82.606,18.3708],[82.5975,18.3853],[82.5856,18.3855],[82.5643,18.3966],[82.5435,18.3977],[82.5442,18.4164],[82.5534,18.4253],[82.562,18.4457],[82.5377,18.4509],[82.5244,18.4638],[82.5358,18.4761],[82.5314,18.5118],[82.5064,18.5139],[82.4897,18.5228],[82.484,18.5371],[82.4861,18.5393],[82.4935,18.5414],[82.4898,18.5462],[82.4822,18.5446],[82.4617,18.5248],[82.4454,18.5051],[82.4374,18.4929],[82.4374,18.4928],[82.4351,18.4848],[82.4056,18.4594],[82.3859,18.4298],[82.3696,18.4177],[82.3808,18.406],[82.3836,18.391],[82.3928,18.3803],[82.3847,18.3612],[82.3685,18.3517],[82.3538,18.3298],[82.3513,18.3154],[82.3663,18.3163],[82.3736,18.3245],[82.3927,18.3267],[82.4014,18.3145],[82.3906,18.2924],[82.3754,18.2791],[82.352,18.2797],[82.3453,18.2743],[82.3386,18.2395],[82.3412,18.224],[82.3282,18.2092],[82.3145,18.2038],[82.3187,18.1828],[82.3415,18.1717],[82.3572,18.1701],[82.3736,18.148],[82.3661,18.1335],[82.3418,18.1507],[82.3388,18.1274],[82.3407,18.1026],[82.3517,18.0909],[82.3449,18.0558],[82.3304,18.0587],[82.3129,18.0481],[82.2963,18.069],[82.2755,18.0567],[82.2667,18.0433],[82.2794,18.0192],[82.2758,17.995],[82.2503,17.9883],[82.2455,18.0005],[82.2267,18.0027],[82.2055,18.0171],[82.186,18.019],[82.1855,18.0293],[82.1723,18.0499],[82.1409,18.0439],[82.1378,18.0569],[82.1165,18.0622],[82.1009,18.061],[82.0807,18.0738],[82.0682,18.0533],[82.0537,18.0537],[82.0332,18.066],[82.0101,18.0529],[82.0102,18.0318],[81.9974,18.0285],[81.9816,18.0138],[82.0019,17.9863],[82.0137,17.9562],[82.0314,17.9369],[82.0274,17.9232],[82.0096,17.9019],[82.0033,17.8857],[82.0211,17.8558],[82.0194,17.842],[81.9924,17.851],[81.9776,17.8421],[81.9674,17.8201],[81.9318,17.8095],[81.9244,17.8006],[81.8866,17.7747],[81.8679,17.754],[81.8825,17.7412],[81.8985,17.7445],[81.9366,17.7399],[81.9698,17.7445],[81.9671,17.7611],[81.9854,17.7675],[82.0175,17.7598],[82.015,17.7503],[82.0305,17.7295],[82.0338,17.7127],[82.0307,17.6872],[82.0099,17.6538],[82.0033,17.6362],[82.0201,17.6166],[82.031,17.6321],[82.0467,17.639],[82.0656,17.638],[82.0909,17.6526],[82.1282,17.6543],[82.1414,17.6358],[82.1628,17.6151],[82.1858,17.6137],[82.1988,17.6291],[82.2173,17.638],[82.2288,17.6367],[82.2441,17.6251],[82.2682,17.6227],[82.3205,17.5875],[82.3375,17.5904],[82.3471,17.5791],[82.3362,17.5702],[82.3323,17.5486],[82.3384,17.5321],[82.3351,17.5112],[82.3521,17.4982],[82.3648,17.518],[82.3716,17.5147],[82.3721,17.4889],[82.3969,17.4827],[82.4116,17.4727],[82.44,17.4769],[82.4564,17.4874],[82.4567,17.5127],[82.4693,17.5199],[82.4837,17.5087],[82.4998,17.5153],[82.5144,17.5092],[82.5601,17.5204],[82.5609,17.5084],[82.574,17.4916],[82.5988,17.4749],[82.6042,17.4627],[82.5901,17.4389],[82.568,17.4222],[82.5538,17.3916],[82.5636,17.3691],[82.56,17.3438],[82.5417,17.3343],[82.5267,17.3101],[82.5228,17.2925],[82.5391,17.2748],[82.5495,17.248],[82.5602,17.2561],[82.6299,17.2992],[82.6804,17.3251],[82.7079,17.3425],[82.7531,17.3662],[82.8096,17.3898],[82.84,17.3996],[82.8655,17.415],[82.9088,17.4337],[82.945,17.4529],[82.9929,17.4708],[83.0047,17.4823],[83.007,17.4946],[83.0445,17.5166],[83.0857,17.5303],[83.0994,17.5471],[83.1059,17.5389],[83.1397,17.547],[83.1684,17.5602],[83.1739,17.5675],[83.2173,17.5898],[83.2323,17.6082],[83.1972,17.6267],[83.1982,17.6381],[83.2155,17.6466],[83.2278,17.6287],[83.2413,17.6253],[83.2603,17.6426],[83.2835,17.6563],[83.2945,17.6707],[83.2996,17.6899],[83.3299,17.7072],[83.3464,17.7214],[83.3471,17.7327],[83.3584,17.7554],[83.3781,17.7676],[83.3885,17.781],[83.4163,17.8074],[83.4193,17.8163],[83.4143,17.8415],[83.4534,17.8802],[83.4548,17.892],[83.4456,17.9195],[83.4747,17.9105],[83.4906,17.9194],[83.4801,17.9337],[83.4682,17.9368],[83.4534,17.9316],[83.4287,17.9412],[83.406,17.9222],[83.4051,17.9041],[83.3842,17.913],[83.3788,17.9219],[83.3872,17.9437],[83.3986,17.9548],[83.3992,17.9685],[83.4167,17.987],[83.4177,18.0063],[83.4074,18.0191],[83.4089,18.0387],[83.3974,18.0519],[83.3591,18.0563],[83.337,18.0442],[83.3145,18.0217],[83.3228,18.0011],[83.3105,17.9833],[83.2817,17.9707],[83.2334,17.9454],[83.2341,17.9269],[83.2553,17.9117],[83.2403,17.9024],[83.2306,17.8841],[83.2309,17.8689],[83.2118,17.8723],[83.2002,17.8447],[83.1722,17.8455],[83.1606,17.8405],[83.1443,17.8439],[83.1388,17.8697],[83.1261,17.8756],[83.1237,17.9014],[83.1051,17.9316],[83.0719,17.9408],[83.0527,17.9546],[83.0286,17.9649],[83.0093,17.9685],[83.0019,17.981],[83,18.0001],[83.0151,18.0326],[83.0348,18.0531],[83.0426,18.0692],[83.0578,18.0869],[83.0804,18.0887],[83.101,18.1017],[83.0978,18.1202],[83.1015,18.1331],[83.1524,18.1543],[83.1549,18.1632],[83.1525,18.1652],[83.1414,18.167],[83.118,18.1564],[83.1079,18.1601],[83.1121,18.1874],[83.1026,18.2062],[83.1081,18.2227],[83.126,18.2141],[83.1263,18.1872],[83.1314,18.1785],[83.1467,18.1767]]]},"properties":{"DISTRICT":"Visakhapatnam","ST_NM":"Andhra Pradesh","ST_CEN_CD":28,"DT_CEN_CD":13}}
]}